DATE,Product Type,Production Capacity Per day/(Liters),Production Volume per day/(Liters),Total Revenue ,Operating Costs (USD),Net Profit (USD)
1/12/2023,Aviation Fuel,90000,240000,7533000,86000,7447000
1/12/2023,Aviation Fuel,630000,310000,52731000,86000,52645000
1/12/2023,Aviation Fuel,90000,185000,7533000,86000,7447000
1/12/2023,Black oil,540000,240000,39690000,82000,39608000
1/12/2023,Black oil,630000,310000,46305000,82000,46223000
1/12/2023,Black oil,90000,185000,6615000,82000,6533000
1/12/2023,Black oil,540000,240000,39690000,82000,39608000
1/12/2023,Black oil,90000,310000,6615000,82000,6533000
1/12/2023,Black oil,90000,185000,6615000,82000,6533000
1/12/2023,Black oil,540000,240000,39690000,82000,39608000
1/12/2023,Black oil,540000,310000,39690000,82000,39608000
1/12/2023,Black oil,90000,185000,6615000,82000,6533000
1/12/2023,Black oil,90000,240000,6615000,82000,6533000
1/12/2023,CNG,540000,240000,1571400,50000,1521400
1/12/2023,CNG,90000,310000,261900,50000,211900
1/12/2023,CNG,540000,185000,1571400,50000,1521400
1/12/2023,CNG,540000,240000,1571400,50000,1521400
1/12/2023,CNG,630000,310000,1833300,50000,1783300
1/12/2023,Cooking Gas,90000,185000,1772100,80000,1692100
1/12/2023,Cooking Gas,90000,340000,1772100,80000,1692100
1/12/2023,Cooking Gas,630000,180000,12404700,80000,12324700
1/12/2023,Diesel,90000,300000,106200,20000,86200
1/12/2023,Diesel,90000,310000,106200,20000,86200
1/12/2023,Diesel,540000,160000,637200,20000,617200
1/12/2023,Diesel,540000,240000,637200,20000,617200
1/12/2023,Diesel,540000,310000,637200,20000,617200
1/12/2023,Diesel,540000,180000,637200,20000,617200
1/12/2023,Diesel,90000,310000,106200,20000,86200
1/12/2023,Diesel,90000,190000,106200,20000,86200
1/12/2023,Diesel,90000,185000,106200,20000,86200
1/12/2023,Diesel,540000,190000,637200,20000,617200
1/12/2023,Engine oil,540000,340000,637200,20000,617200
1/12/2023,Engine oil,540000,310000,637200,20000,617200
1/12/2023,Engine oil,630000,185000,743400,20000,723400
1/12/2023,Engine oil,90000,190000,106200,20000,86200
1/12/2023,Engine oil,540000,155000,637200,20000,617200
1/12/2023,Engine oil,90000,185000,106200,20000,86200
1/12/2023,Engine oil,540000,220000,637200,20000,617200
1/12/2023,Engine oil,90000,240000,106200,20000,86200
1/12/2023,Engine oil,540000,220000,637200,20000,617200
1/12/2023,Engine oil,90000,240000,106200,20000,86200
1/12/2023,Engine oil,540000,340000,637200,20000,617200
1/12/2023,Engine oil,90000,310000,106200,20000,86200
1/12/2023,Engine oil,90000,220000,106200,20000,86200
1/12/2023,Engine oil,630000,300000,743400,20000,723400
1/12/2023,Engine oil,90000,155000,106200,20000,86200
1/12/2023,Engine oil,90000,240000,106200,20000,86200
1/12/2023,Engine oil,540000,340000,637200,20000,617200
1/12/2023,Engine oil,90000,180000,106200,20000,86200
1/12/2023,Engine oil,630000,310000,743400,20000,723400
1/12/2023,Engine oil,540000,155000,637200,20000,617200
1/12/2023,Engine oil,90000,190000,106200,20000,86200
1/12/2023,Engine oil,630000,240000,743400,20000,723400
1/12/2023,Engine oil,540000,190000,637200,20000,617200
1/12/2023,Engine oil,540000,340000,637200,20000,617200
1/12/2023,Engine oil,90000,180000,106200,20000,86200
1/12/2023,Engine oil,630000,300000,743400,20000,723400
1/12/2023,Engine oil,540000,240000,637200,20000,617200
1/12/2023,Engine oil,90000,155000,106200,20000,86200
1/12/2023,Engine oil,90000,110000,106200,20000,86200
1/12/2023,Kerosene,90000,110000,106200,20000,86200
1/12/2023,Kerosene,630000,180000,743400,20000,723400
1/12/2023,Kerosene,630000,300000,743400,20000,723400
1/12/2023,Kerosene,90000,310000,106200,20000,86200
1/12/2023,Kerosene,90000,155000,106200,20000,86200
1/12/2023,Kerosene,90000,110000,106200,20000,86200
1/12/2023,Kerosene,630000,185000,743400,20000,723400
1/12/2023,Kerosene,90000,240000,106200,20000,86200
1/12/2023,Kerosene,90000,190000,106200,20000,86200
1/12/2023,Kerosene,540000,240000,637200,20000,617200
1/12/2023,Kerosene,90000,110000,106200,20000,86200
1/12/2023,Kerosene,90000,300000,106200,20000,86200
1/12/2023,Kerosene,90000,310000,106200,20000,86200
1/12/2023,Kerosene,540000,155000,637200,20000,617200
1/12/2023,Kerosene,90000,110000,106200,20000,86200
1/12/2023,Kerosene,540000,185000,637200,20000,617200
1/12/2023,Kerosene,630000,240000,743400,20000,723400
1/12/2023,Kerosene,90000,190000,106200,20000,86200
1/12/2023,Kerosene,630000,240000,743400,20000,723400
1/12/2023,Kerosene,90000,110000,106200,20000,86200
1/12/2023,Kerosene,90000,180000,106200,20000,86200
1/12/2023,Kerosene,90000,300000,106200,20000,86200
1/12/2023,Light PMS,540000,190000,1695600,20000,1675600
1/12/2023,Light PMS,90000,240000,282600,20000,262600
1/12/2023,Light PMS,90000,110000,282600,20000,262600
1/12/2023,Light PMS,630000,190000,1978200,20000,1958200
1/12/2023,Light PMS,90000,180000,282600,20000,262600
1/12/2023,Light PMS,540000,185000,1695600,20000,1675600
1/12/2023,Light PMS,90000,220000,282600,20000,262600
1/12/2023,Light PMS,90000,190000,282600,20000,262600
1/12/2023,LPG,540000,245000,1695600,20000,1675600
1/12/2023,LPG,90000,252000,282600,20000,262600
1/12/2023,LPG,540000,310000,1695600,20000,1675600
1/12/2023,Lub,630000,220000,718200,20000,698200
1/12/2023,Lub,540000,180000,615600,20000,595600
1/12/2023,Motor oil,540000,240000,615600,20000,595600
1/12/2023,Motor oil,90000,110000,102600,20000,82600
1/12/2023,Motor oil,90000,190000,102600,20000,82600
1/12/2023,Motor oil,540000,300000,615600,20000,595600
1/12/2023,Motor oil,540000,310000,615600,20000,595600
1/12/2023,Motor oil,540000,310000,615600,20000,595600
1/12/2023,Motor oil,90000,110000,102600,20000,82600
1/12/2023,Motor oil,90000,185000,102600,20000,82600
1/12/2023,Motor oil,540000,155000,615600,20000,595600
1/12/2023,Motor oil,630000,190000,718200,20000,698200
1/12/2023,Motor oil,90000,240000,102600,20000,82600
1/12/2023,Motor oil,90000,240000,102600,20000,82600
1/12/2023,Motor oil,630000,340000,718200,20000,698200
1/12/2023,Motor oil,90000,155000,102600,20000,82600
1/12/2023,Motor oil,540000,110000,615600,20000,595600
1/12/2023,Motor oil,630000,240000,718200,20000,698200
1/12/2023,Motor oil,90000,110000,102600,20000,82600
1/12/2023,Motor oil,630000,190000,718200,20000,698200
1/12/2023,PMS,630000,190000,1978200,20000,1958200
1/12/2023,PMS,90000,240000,282600,20000,262600
1/12/2023,PMS,90000,300000,282600,20000,262600
1/12/2023,PMS,90000,310000,282600,20000,262600
1/12/2023,PMS,630000,310000,1978200,20000,1958200
1/12/2023,PMS,630000,110000,1978200,20000,1958200
1/12/2023,PMS,540000,185000,1695600,20000,1675600
1/12/2023,PMS,90000,155000,282600,20000,262600
1/12/2023,PMS,630000,155000,1978200,20000,1958200
1/12/2023,PMS,90000,310000,282600,20000,262600
1/12/2023,PMS,90000,110000,282600,20000,262600
1/12/2023,PMS,90000,220000,282600,20000,262600
1/12/2023,PMS,630000,340000,1978200,20000,1958200
1/12/2023,PMS,90000,110000,282600,20000,262600
1/12/2023,PMS,630000,190000,1978200,20000,1958200
1/12/2023,PMS,90000,190000,282600,20000,262600
1/12/2023,PMS,540000,240000,1695600,20000,1675600
1/12/2023,PMS,90000,190000,282600,20000,262600
1/12/2023,PMS,540000,190000,1695600,20000,1675600
1/12/2023,PMS,90000,240000,282600,20000,262600
1/12/2023,PMS,90000,180000,282600,20000,262600
1/12/2023,PMS,540000,155000,1695600,20000,1675600
1/12/2023,PMS,630000,220000,1978200,20000,1958200
1/12/2023,PMS,90000,240000,282600,20000,262600
1/12/2023,Premium Motor Spirit,90000,340000,282600,20000,262600
1/12/2023,Premium Motor Spirit,90000,180000,282600,20000,262600
1/12/2023,Premium Motor Spirit,90000,300000,282600,20000,262600
1/12/2023,Premium Motor Spirit,90000,185000,282600,20000,262600
1/12/2023,Premium Motor Spirit,90000,240000,282600,20000,262600
1/12/2023,Premium Motor Spirit,630000,220000,1978200,20000,1958200
1/12/2023,Premium Motor Spirit,540000,220000,1695600,20000,1675600
1/12/2023,Premium Motor Spirit,90000,180000,282600,20000,262600
1/12/2023,Premium Motor Spirit,90000,300000,282600,20000,262600
1/12/2023,Premium Motor Spirit,540000,300000,1695600,20000,1675600
1/12/2023,Premium Motor Spirit,90000,185000,282600,20000,262600
1/12/2023,Premium Motor Spirit,540000,190000,1695600,20000,1675600
1/12/2023,Premium Motor Spirit,90000,180000,282600,20000,262600
1/12/2023,Premium Motor Spirit,540000,155000,1695600,20000,1675600
1/12/2023,Premium Motor Spirit,540000,180000,1695600,20000,1675600
1/12/2023,Premium Motor Spirit,630000,110000,1978200,20000,1958200
1/12/2023,Premium Motor Spirit,540000,155000,1695600,20000,1675600
1/12/2023,Premium Motor Spirit,90000,180000,282600,20000,262600
1/12/2023,Premium Motor Spirit,540000,300000,1695600,20000,1675600
1/12/2023,Premium Motor Spirit,90000,300000,282600,20000,262600
1/12/2023,Premium Motor Spirit,90000,185000,282600,20000,262600
1/12/2023,Premium Motor Spirit,630000,190000,1978200,20000,1958200
1/12/2023,Premium Motor Spirit,540000,180000,1695600,20000,1675600
1/12/2023,Premium Motor Spirit,90000,155000,282600,20000,262600
1/12/2023,Premium Motor Spirit,90000,180000,282600,20000,262600
1/12/2023,Premium Motor Spirit,90000,110000,282600,20000,262600
1/12/2023,Premium Motor Spirit,90000,155000,282600,20000,262600
1/12/2023,Premium Motor Spirit,630000,180000,1978200,20000,1958200
1/12/2023,Premium Motor Spirit,540000,300000,1695600,20000,1675600
1/12/2023,Premium Motor Spirit,540000,300000,1695600,20000,1675600
1/12/2023,Premium Motor Spirit,90000,185000,282600,20000,262600
1/12/2023,Premium Motor Spirit,630000,190000,1978200,20000,1958200
1/12/2023,Premium Motor Spirit,630000,180000,1978200,20000,1958200
1/12/2023,Premium Motor Spirit,540000,155000,1695600,20000,1675600
1/12/2023,Premium Motor Spirit,90000,180000,282600,20000,262600
1/12/2023,Premium Motor Spirit,90000,110000,282600,20000,262600
1/12/2023,Premium Motor Spirit,630000,155000,1978200,20000,1958200
1/12/2023,Premium Motor Spirit,540000,190000,1695600,20000,1675600
1/12/2023,Premium Motor Spirit,90000,177500,282600,20000,262600
1/12/2023,Premium Motor Spirit,630000,310000,1978200,20000,1958200
1/12/2023,Premium Motor Spirit,90000,185000,282600,20000,262600
1/12/2023,Premium Motor Spirit,540000,220000,1695600,20000,1675600
1/12/2023,Urea Fertilizer,540000,185000,172800000,20000,172780000
1/12/2023,Urea Fertilizer,90000,190000,28800000,20000,28780000
1/12/2023,Urea Fertilizer,630000,220000,201600000,20000,201580000
1/12/2023,Urea Fertilizer,540000,240000,172800000,20000,172780000
1/12/2023,Urea Fertilizer,630000,180000,201600000,20000,201580000
1/12/2023,Urea Fertilizer,90000,155000,28800000,20000,28780000
1/12/2023,Urea Fertilizer,630000,240000,201600000,20000,201580000
1/12/2023,Urea Fertilizer,90000,240000,28800000,20000,28780000
1/12/2023,Urea Fertilizer,630000,220000,201600000,20000,201580000
1/12/2023,Urea Fertilizer,540000,110000,172800000,20000,172780000
1/12/2023,Urea Fertilizer,90000,185000,28800000,20000,28780000
1/12/2023,Urea Fertilizer,90000,110000,28800000,20000,28780000
1/12/2023,Urea Fertilizer,90000,220000,28800000,20000,28780000
1/12/2023,Urea Fertilizer,90000,110000,28800000,20000,28780000
1/12/2023,Urea Fertilizer,90000,190000,28800000,20000,28780000
1/12/2023,Urea Fertilizer,90000,190000,28800000,20000,28780000
1/12/2023,Urea Fertilizer,540000,240000,172800000,20000,172780000
1/12/2023,Urea Fertilizer,540000,190000,172800000,20000,172780000
1/12/2023,Urea Fertilizer,90000,110000,28800000,20000,28780000
1/12/2023,Urea Fertilizer,630000,180000,201600000,20000,201580000
1/12/2023,Urea Fertilizer,90000,300000,28800000,20000,28780000
1/12/2023,Urea Fertilizer,90000,185000,28800000,20000,28780000
1/12/2023,Urea Fertilizer,540000,220000,172800000,20000,172780000
1/12/2023,Urea Fertilizer,540000,240000,172800000,20000,172780000
1/12/2023,Urea Fertilizer,90000,340000,28800000,20000,28780000
1/12/2023,Urea Fertilizer,90000,185000,28800000,20000,28780000
1/12/2023,Urea Fertilizer,90000,180000,28800000,20000,28780000
1/12/2023,Urea Fertilizer,540000,110000,172800000,20000,172780000
1/12/2023,Urea Fertilizer,90000,185000,28800000,20000,28780000
1/12/2023,Urea Fertilizer,540000,340000,172800000,20000,172780000
1/12/2023,Urea Fertilizer,540000,155000,172800000,20000,172780000
1/12/2023,Urea Fertilizer,90000,110000,28800000,20000,28780000
1/12/2023,Urea Fertilizer,630000,310000,201600000,20000,201580000
1/12/2023,Urea Fertilizer,90000,300000,28800000,20000,28780000
1/12/2023,Urea Fertilizer,540000,190000,172800000,20000,172780000
1/12/2023,Urea Fertilizer,630000,155000,201600000,20000,201580000
1/12/2023,Urea Fertilizer,90000,185000,28800000,20000,28780000
1/12/2023,Urea Fertilizer,90000,240000,28800000,20000,28780000
1/12/2023,Urea Fertilizer,630000,190000,201600000,20000,201580000
1/12/2023,,630000,0,0,20000,-20000
1/12/2023,,0,190000,0,20000,-20000
1/11/2023,Brake oil,90000,45,6615000,82000,6533000
1/11/2023,CNG,90000,34,261900,50000,211900
1/11/2023,Cooking Gas,540000,310000,10632600,80000,10552600
1/11/2023,Diesel,90000,310000,106200,20000,86200
1/11/2023,Diesel,90000,340000,106200,20000,86200
1/11/2023,Engine oil,90000,300000,106200,20000,86200
1/11/2023,Engine oil,540000,310000,637200,20000,617200
1/11/2023,Engine oil,540000,190000,637200,20000,617200
1/11/2023,Engine oil,630000,300000,743400,20000,723400
1/11/2023,Engine oil,540000,240000,637200,20000,617200
1/11/2023,Engine oil,90000,190000,106200,20000,86200
1/11/2023,Engine oil,630000,240000,743400,20000,723400
1/11/2023,Engine oil,540000,240000,637200,20000,617200
1/11/2023,Engine oil,90000,300000,106200,20000,86200
1/11/2023,Engine oil,540000,110000,637200,20000,617200
1/11/2023,Engine oil,90000,300000,106200,20000,86200
1/11/2023,Engine oil,540000,220000,637200,20000,617200
1/11/2023,Engine oil,90000,310000,106200,20000,86200
1/11/2023,Engine oil,90000,185000,106200,20000,86200
1/11/2023,Kerosene,90000,310000,106200,20000,86200
1/11/2023,Kerosene,540000,155000,637200,20000,617200
1/11/2023,Kerosene,630000,110000,743400,20000,723400
1/11/2023,Kerosene,540000,185000,637200,20000,617200
1/11/2023,Kerosene,630000,240000,743400,20000,723400
1/11/2023,Kerosene,90000,190000,106200,20000,86200
1/11/2023,Kerosene,540000,240000,637200,20000,617200
1/11/2023,Light PMS,630000,185000,1978200,20000,1958200
1/11/2023,Light PMS,540000,240000,1695600,20000,1675600
1/11/2023,Motor oil,90000,190000,102600,20000,82600
1/11/2023,Motor oil,90000,300000,102600,20000,82600
1/11/2023,Motor oil,90000,310000,102600,20000,82600
1/11/2023,Motor oil,540000,310000,615600,20000,595600
1/11/2023,Motor oil,90000,110000,102600,20000,82600
1/11/2023,Motor oil,90000,185000,102600,20000,82600
1/11/2023,Motor oil,630000,155000,718200,20000,698200
1/11/2023,Motor oil,90000,190000,102600,20000,82600
1/11/2023,Motor oil,540000,240000,615600,20000,595600
1/11/2023,Motor oil,90000,240000,102600,20000,82600
1/11/2023,Motor oil,630000,340000,718200,20000,698200
1/11/2023,Motor oil,90000,155000,102600,20000,82600
1/11/2023,Motor oil,90000,110000,102600,20000,82600
1/11/2023,PMS,90000,110000,282600,20000,262600
1/11/2023,PMS,90000,220000,282600,20000,262600
1/11/2023,PMS,90000,340000,282600,20000,262600
1/11/2023,PMS,630000,110000,1978200,20000,1958200
1/11/2023,PMS,630000,190000,1978200,20000,1958200
1/11/2023,Premium Motor Spirit,630000,180000,1978200,20000,1958200
1/11/2023,Premium Motor Spirit,540000,155000,1695600,20000,1675600
1/11/2023,Premium Motor Spirit,90000,180000,282600,20000,262600
1/11/2023,Premium Motor Spirit,630000,110000,1978200,20000,1958200
1/11/2023,Premium Motor Spirit,90000,155000,282600,20000,262600
1/11/2023,Premium Motor Spirit,90000,300000,282600,20000,262600
1/11/2023,Premium Motor Spirit,90000,310000,282600,20000,262600
1/11/2023,Urea Fertilizer,90000,190000,28800000,20000,28780000
1/11/2023,Urea Fertilizer,540000,240000,172800000,20000,172780000
1/11/2023,Urea Fertilizer,540000,190000,172800000,20000,172780000
1/11/2023,Urea Fertilizer,90000,110000,28800000,20000,28780000
1/11/2023,Urea Fertilizer,540000,180000,172800000,20000,172780000
1/11/2023,Urea Fertilizer,630000,300000,201600000,20000,201580000
1/10/2023,Aviation Fuel,90000,110000,7533000,86000,7447000
1/10/2023,Black oil,90000,36,6615000,82000,6533000
1/10/2023,Black oil,630000,36,46305000,82000,46223000
1/10/2023,Brake oil,90000,38,6615000,82000,6533000
1/10/2023,Cooking Gas,540000,155000,10632600,80000,10552600
1/10/2023,Cooking Gas,90000,155000,1772100,80000,1692100
1/10/2023,Cooking Gas,540000,110000,10632600,80000,10552600
1/10/2023,Cooking Gas,90000,300000,1772100,80000,1692100
1/10/2023,Cooking Gas,540000,155000,10632600,80000,10552600
1/10/2023,Cooking Gas,540000,220000,10632600,80000,10552600
1/10/2023,Diesel,90000,190000,106200,20000,86200
1/10/2023,Diesel,540000,185000,637200,20000,617200
1/10/2023,Diesel,90000,190000,106200,20000,86200
1/10/2023,Diesel,90000,155000,106200,20000,86200
1/10/2023,Diesel,630000,310000,743400,20000,723400
1/10/2023,Diesel,90000,155000,0,20000,-20000
1/10/2023,Engine oil,540000,190000,637200,20000,617200
1/10/2023,Engine oil,90000,240000,106200,20000,86200
1/10/2023,Engine oil,630000,190000,743400,20000,723400
1/10/2023,Engine oil,90000,340000,106200,20000,86200
1/10/2023,Engine oil,90000,180000,106200,20000,86200
1/10/2023,Engine oil,90000,300000,106200,20000,86200
1/10/2023,Engine oil,630000,240000,743400,20000,723400
1/10/2023,Engine oil,540000,155000,637200,20000,617200
1/10/2023,Engine oil,90000,110000,106200,20000,86200
1/10/2023,Engine oil,540000,240000,637200,20000,617200
1/10/2023,Engine oil,90000,340000,106200,20000,86200
1/10/2023,Engine oil,90000,310000,106200,20000,86200
1/10/2023,Engine oil,90000,340000,106200,20000,86200
1/10/2023,Engine oil,540000,310000,637200,20000,617200
1/10/2023,Engine oil,630000,190000,743400,20000,723400
1/10/2023,Engine oil,540000,190000,637200,20000,617200
1/10/2023,Engine oil,90000,240000,106200,20000,86200
1/10/2023,Kerosene,90000,180000,106200,20000,86200
1/10/2023,Kerosene,630000,300000,743400,20000,723400
1/10/2023,Kerosene,540000,310000,637200,20000,617200
1/10/2023,Kerosene,540000,155000,637200,20000,617200
1/10/2023,Kerosene,90000,110000,106200,20000,86200
1/10/2023,Kerosene,540000,185000,637200,20000,617200
1/10/2023,Kerosene,540000,240000,637200,20000,617200
1/10/2023,Kerosene,90000,190000,106200,20000,86200
1/10/2023,Kerosene,540000,240000,637200,20000,617200
1/10/2023,Kerosene,90000,110000,106200,20000,86200
1/10/2023,Kerosene,90000,300000,106200,20000,86200
1/10/2023,Light PMS,630000,110000,1978200,20000,1958200
1/10/2023,Motor oil,540000,110000,615600,20000,595600
1/10/2023,Motor oil,90000,240000,102600,20000,82600
1/10/2023,Motor oil,630000,110000,718200,20000,698200
1/10/2023,PMS,90000,155000,282600,20000,262600
1/10/2023,PMS,90000,155000,282600,20000,262600
1/10/2023,PMS,90000,310000,282600,20000,262600
1/10/2023,Premium Motor Spirit,540000,155000,1695600,20000,1675600
1/10/2023,Premium Motor Spirit,90000,180000,282600,20000,262600
1/10/2023,Premium Motor Spirit,630000,300000,1978200,20000,1958200
1/10/2023,Premium Motor Spirit,630000,300000,1978200,20000,1958200
1/10/2023,Premium Motor Spirit,90000,185000,282600,20000,262600
1/10/2023,Premium Motor Spirit,630000,190000,1978200,20000,1958200
1/10/2023,Urea Fertilizer,630000,155000,201600000,20000,201580000
1/10/2023,Urea Fertilizer,540000,240000,172800000,20000,172780000
1/10/2023,Urea Fertilizer,630000,240000,201600000,20000,201580000
1/10/2023,Urea Fertilizer,540000,220000,172800000,20000,172780000
1/10/2023,Urea Fertilizer,90000,110000,28800000,20000,28780000
1/10/2023,Urea Fertilizer,540000,185000,172800000,20000,172780000
1/10/2023,Urea Fertilizer,90000,110000,28800000,20000,28780000
1/10/2023,Urea Fertilizer,540000,220000,172800000,20000,172780000
1/10/2023,Urea Fertilizer,90000,110000,28800000,20000,28780000
1/10/2023,Urea Fertilizer,90000,190000,28800000,20000,28780000
1/9/2023,Cooking Gas,630000,110000,12404700,80000,12324700
1/9/2023,Cooking Gas,540000,180000,10632600,80000,10552600
1/9/2023,Cooking Gas,90000,220000,1772100,80000,1692100
1/9/2023,Engine oil,540000,340000,637200,20000,617200
1/9/2023,Engine oil,90000,180000,106200,20000,86200
1/9/2023,Engine oil,90000,310000,106200,20000,86200
1/9/2023,Engine oil,630000,155000,743400,20000,723400
1/9/2023,Kerosene,630000,240000,743400,20000,723400
1/9/2023,Kerosene,540000,110000,637200,20000,617200
1/9/2023,Light PMS,90000,310000,282600,20000,262600
1/9/2023,Light PMS,540000,155000,1695600,20000,1675600
1/9/2023,Premium Motor Spirit,90000,180000,282600,20000,262600
1/9/2023,Premium Motor Spirit,90000,155000,282600,20000,262600
1/9/2023,Premium Motor Spirit,630000,180000,1978200,20000,1958200
1/9/2023,Premium Motor Spirit,90000,110000,282600,20000,262600
1/8/2023,Aviation Fuel,630000,240000,52731000,86000,52645000
1/8/2023,Black oil,90000,44,6615000,82000,6533000
1/8/2023,Cooking Gas,540000,185000,10632600,80000,10552600
1/8/2023,Cooking Gas,90000,160000,1772100,80000,1692100
1/8/2023,Cooking Gas,90000,190000,1772100,80000,1692100
1/8/2023,Cooking Gas,540000,240000,10632600,80000,10552600
1/8/2023,Engine oil,90000,240000,106200,20000,86200
1/8/2023,Engine oil,90000,220000,106200,20000,86200
1/8/2023,Engine oil,630000,240000,743400,20000,723400
1/8/2023,Engine oil,90000,340000,106200,20000,86200
1/8/2023,Engine oil,540000,310000,637200,20000,617200
1/8/2023,Engine oil,540000,220000,637200,20000,617200
1/8/2023,Engine oil,90000,300000,106200,20000,86200
1/8/2023,Engine oil,90000,155000,106200,20000,86200
1/8/2023,Engine oil,90000,240000,106200,20000,86200
1/8/2023,Kerosene,540000,155000,637200,20000,617200
1/8/2023,Kerosene,90000,110000,106200,20000,86200
1/8/2023,Kerosene,540000,185000,637200,20000,617200
1/8/2023,Kerosene,90000,240000,106200,20000,86200
1/8/2023,Kerosene,540000,190000,637200,20000,617200
1/8/2023,Motor oil,630000,155000,718200,20000,698200
1/8/2023,Premium Motor Spirit,90000,185000,282600,20000,262600
1/8/2023,Premium Motor Spirit,90000,190000,282600,20000,262600
1/8/2023,Urea Fertilizer,630000,240000,201600000,20000,201580000
1/8/2023,Urea Fertilizer,540000,180000,172800000,20000,172780000
1/7/2023,Black oil,90000,48,6615000,82000,6533000
1/7/2023,CNG,90000,44,261900,50000,211900
1/7/2023,CNG,540000,42,1571400,50000,1521400
1/7/2023,Cooking Gas,630000,160000,12404700,80000,12324700
1/7/2023,Cooking Gas,90000,220000,1772100,80000,1692100
1/7/2023,Diesel,90000,310000,106200,20000,86200
1/7/2023,Engine oil,90000,220000,106200,20000,86200
1/7/2023,Engine oil,540000,310000,637200,20000,617200
1/7/2023,Engine oil,90000,185000,106200,20000,86200
1/7/2023,Engine oil,630000,340000,743400,20000,723400
1/7/2023,Engine oil,540000,310000,637200,20000,617200
1/7/2023,Engine oil,90000,185000,106200,20000,86200
1/7/2023,Engine oil,540000,190000,637200,20000,617200
1/7/2023,Engine oil,90000,155000,106200,20000,86200
1/7/2023,Engine oil,630000,185000,743400,20000,723400
1/7/2023,Engine oil,540000,220000,637200,20000,617200
1/7/2023,Kerosene,90000,155000,106200,20000,86200
1/7/2023,Kerosene,540000,110000,637200,20000,617200
1/7/2023,Kerosene,90000,185000,106200,20000,86200
1/7/2023,Kerosene,90000,240000,106200,20000,86200
1/7/2023,Kerosene,540000,190000,637200,20000,617200
1/7/2023,Kerosene,90000,240000,106200,20000,86200
1/7/2023,Kerosene,90000,110000,106200,20000,86200
1/7/2023,Kerosene,90000,300000,106200,20000,86200
1/7/2023,Kerosene,630000,310000,743400,20000,723400
1/7/2023,Motor oil,540000,340000,615600,20000,595600
1/7/2023,Premium Motor Spirit,630000,155000,1978200,20000,1958200
1/7/2023,Premium Motor Spirit,540000,180000,1695600,20000,1675600
1/7/2023,Premium Motor Spirit,630000,300000,1978200,20000,1958200
1/7/2023,Premium Motor Spirit,90000,300000,282600,20000,262600
1/7/2023,Urea Fertilizer,630000,180000,201600000,20000,201580000
1/7/2023,Urea Fertilizer,630000,300000,201600000,20000,201580000
1/7/2023,Urea Fertilizer,90000,185000,28800000,20000,28780000
1/7/2023,Urea Fertilizer,540000,190000,172800000,20000,172780000
1/7/2023,Urea Fertilizer,90000,220000,28800000,20000,28780000
1/7/2023,,90000,42,0,20000,-20000
1/6/2023,Aviation Fuel,540000,185000,45198000,86000,45112000
1/6/2023,CNG,630000,44,1833300,50000,1783300
1/6/2023,CNG,630000,44,1833300,50000,1783300
1/6/2023,Cooking Gas,630000,340000,12404700,80000,12324700
1/6/2023,Diesel,90000,180000,106200,20000,86200
1/6/2023,Engine oil,90000,240000,106200,20000,86200
1/6/2023,Engine oil,540000,190000,637200,20000,617200
1/6/2023,Engine oil,540000,240000,637200,20000,617200
1/6/2023,Engine oil,90000,240000,106200,20000,86200
1/6/2023,Engine oil,90000,300000,106200,20000,86200
1/6/2023,Engine oil,540000,110000,637200,20000,617200
1/6/2023,Engine oil,90000,300000,106200,20000,86200
1/6/2023,Kerosene,90000,240000,106200,20000,86200
1/6/2023,Kerosene,90000,110000,106200,20000,86200
1/6/2023,Kerosene,540000,180000,637200,20000,617200
1/6/2023,Kerosene,90000,300000,106200,20000,86200
1/6/2023,Kerosene,630000,310000,743400,20000,723400
1/6/2023,Light PMS,90000,240000,282600,20000,262600
1/6/2023,Light PMS,90000,110000,282600,20000,262600
1/6/2023,Motor oil,90000,240000,102600,20000,82600
1/6/2023,PMS,630000,185000,1978200,20000,1958200
1/6/2023,Premium Motor Spirit,90000,155000,282600,20000,262600
1/6/2023,Premium Motor Spirit,540000,180000,1695600,20000,1675600
1/6/2023,Premium Motor Spirit,90000,110000,282600,20000,262600
1/6/2023,Urea Fertilizer,540000,190000,172800000,20000,172780000
1/6/2023,Urea Fertilizer,540000,110000,172800000,20000,172780000
1/5/2023,Black oil,90000,52,6615000,82000,6533000
1/5/2023,Brake oil,90000,46,6615000,82000,6533000
1/5/2023,CNG,540000,58,1571400,50000,1521400
1/5/2023,Diesel,630000,310000,743400,20000,723400
1/5/2023,Engine oil,90000,190000,106200,20000,86200
1/5/2023,Engine oil,540000,240000,637200,20000,617200
1/5/2023,Engine oil,90000,300000,106200,20000,86200
1/5/2023,Engine oil,90000,310000,106200,20000,86200
1/5/2023,Engine oil,540000,190000,637200,20000,617200
1/5/2023,Engine oil,90000,300000,106200,20000,86200
1/5/2023,Kerosene,90000,240000,106200,20000,86200
1/5/2023,Kerosene,90000,110000,106200,20000,86200
1/5/2023,Kerosene,540000,300000,637200,20000,617200
1/5/2023,Kerosene,90000,310000,106200,20000,86200
1/5/2023,Kerosene,90000,155000,106200,20000,86200
1/5/2023,Kerosene,540000,110000,637200,20000,617200
1/5/2023,Kerosene,90000,185000,106200,20000,86200
1/5/2023,Kerosene,630000,240000,743400,20000,723400
1/5/2023,Kerosene,90000,190000,106200,20000,86200
1/5/2023,Light PMS,630000,190000,1978200,20000,1958200
1/5/2023,Lub,90000,310000,102600,20000,82600
1/5/2023,PMS,540000,110000,1695600,20000,1675600
1/5/2023,Premium Motor Spirit,540000,185000,1695600,20000,1675600
1/5/2023,Premium Motor Spirit,630000,190000,1978200,20000,1958200
1/5/2023,Premium Motor Spirit,540000,180000,1695600,20000,1675600
1/5/2023,Urea Fertilizer,90000,190000,28800000,20000,28780000
1/5/2023,Urea Fertilizer,630000,240000,201600000,20000,201580000
1/4/2023,Aviation Fuel,540000,110000,45198000,86000,45112000
1/4/2023,Aviation Fuel,90000,240000,7533000,86000,7447000
1/4/2023,Aviation Fuel,630000,310000,52731000,86000,52645000
1/4/2023,Black oil,90000,48,6615000,82000,6533000
1/4/2023,Black oil,90000,48,6615000,82000,6533000
1/4/2023,Brake oil,540000,64,39690000,82000,39608000
1/4/2023,CNG,90000,56,261900,50000,211900
1/4/2023,CNG,90000,48,261900,50000,211900
1/4/2023,CNG,90000,48,261900,50000,211900
1/4/2023,CNG,630000,48,1833300,50000,1783300
1/4/2023,Cooking Gas,90000,340000,1772100,80000,1692100
1/4/2023,Cooking Gas,540000,180000,10632600,80000,10552600
1/4/2023,Cooking Gas,90000,155000,1772100,80000,1692100
1/4/2023,Cooking Gas,90000,400000,1772100,80000,1692100
1/4/2023,Cooking Gas,90000,110000,1772100,80000,1692100
1/4/2023,Diesel,540000,310000,637200,20000,617200
1/4/2023,Diesel,540000,160000,637200,20000,617200
1/4/2023,Diesel,630000,240000,743400,20000,723400
1/4/2023,Engine oil,630000,180000,743400,20000,723400
1/4/2023,Engine oil,90000,310000,106200,20000,86200
1/4/2023,Engine oil,540000,155000,637200,20000,617200
1/4/2023,Engine oil,90000,190000,106200,20000,86200
1/4/2023,Engine oil,540000,240000,637200,20000,617200
1/4/2023,Engine oil,630000,190000,743400,20000,723400
1/4/2023,Engine oil,540000,340000,637200,20000,617200
1/4/2023,Engine oil,540000,180000,637200,20000,617200
1/4/2023,Engine oil,630000,300000,743400,20000,723400
1/4/2023,Engine oil,90000,240000,106200,20000,86200
1/4/2023,Engine oil,540000,155000,637200,20000,617200
1/4/2023,Engine oil,630000,110000,743400,20000,723400
1/4/2023,Engine oil,90000,240000,106200,20000,86200
1/4/2023,Engine oil,630000,340000,743400,20000,723400
1/4/2023,Engine oil,540000,310000,637200,20000,617200
1/4/2023,Engine oil,90000,340000,106200,20000,86200
1/4/2023,Engine oil,540000,310000,637200,20000,617200
1/4/2023,Engine oil,540000,190000,637200,20000,617200
1/4/2023,Kerosene,540000,240000,637200,20000,617200
1/4/2023,Kerosene,540000,190000,637200,20000,617200
1/4/2023,Kerosene,90000,240000,106200,20000,86200
1/4/2023,Kerosene,90000,110000,106200,20000,86200
1/4/2023,Kerosene,540000,300000,637200,20000,617200
1/4/2023,Kerosene,90000,310000,106200,20000,86200
1/4/2023,Kerosene,90000,155000,106200,20000,86200
1/4/2023,Kerosene,90000,110000,106200,20000,86200
1/4/2023,Kerosene,90000,185000,106200,20000,86200
1/4/2023,Kerosene,630000,240000,743400,20000,723400
1/4/2023,Kerosene,540000,190000,637200,20000,617200
1/4/2023,Kerosene,630000,240000,743400,20000,723400
1/4/2023,Kerosene,90000,110000,106200,20000,86200
1/4/2023,Kerosene,540000,180000,637200,20000,617200
1/4/2023,Kerosene,540000,300000,637200,20000,617200
1/4/2023,Kerosene,90000,310000,106200,20000,86200
1/4/2023,Kerosene,90000,155000,106200,20000,86200
1/4/2023,Kerosene,540000,110000,637200,20000,617200
1/4/2023,Kerosene,90000,185000,106200,20000,86200
1/4/2023,Kerosene,630000,240000,743400,20000,723400
1/4/2023,Kerosene,540000,190000,637200,20000,617200
1/4/2023,Light PMS,90000,185000,282600,20000,262600
1/4/2023,Light PMS,540000,240000,1695600,20000,1675600
1/4/2023,LPG,630000,240000,1978200,20000,1958200
1/4/2023,Motor oil,90000,310000,102600,20000,82600
1/4/2023,Motor oil,90000,110000,102600,20000,82600
1/4/2023,Motor oil,540000,185000,615600,20000,595600
1/4/2023,Motor oil,90000,155000,102600,20000,82600
1/4/2023,Motor oil,90000,190000,102600,20000,82600
1/4/2023,Motor oil,630000,240000,718200,20000,698200
1/4/2023,PMS,90000,240000,282600,20000,262600
1/4/2023,PMS,630000,300000,1978200,20000,1958200
1/4/2023,PMS,90000,310000,282600,20000,262600
1/4/2023,PMS,90000,310000,282600,20000,262600
1/4/2023,Premium Motor Spirit,90000,180000,282600,20000,262600
1/4/2023,Premium Motor Spirit,630000,300000,1978200,20000,1958200
1/4/2023,Premium Motor Spirit,630000,300000,1978200,20000,1958200
1/4/2023,Premium Motor Spirit,90000,185000,282600,20000,262600
1/4/2023,Premium Motor Spirit,90000,190000,282600,20000,262600
1/4/2023,Premium Motor Spirit,540000,180000,1695600,20000,1675600
1/4/2023,Premium Motor Spirit,540000,155000,1695600,20000,1675600
1/4/2023,Premium Motor Spirit,90000,180000,282600,20000,262600
1/4/2023,Premium Motor Spirit,90000,110000,282600,20000,262600
1/4/2023,Premium Motor Spirit,90000,155000,282600,20000,262600
1/4/2023,Premium Motor Spirit,90000,300000,282600,20000,262600
1/4/2023,Premium Motor Spirit,630000,310000,1978200,20000,1958200
1/4/2023,Premium Motor Spirit,540000,340000,1695600,20000,1675600
1/4/2023,Premium Motor Spirit,90000,180000,282600,20000,262600
1/4/2023,Premium Motor Spirit,540000,300000,1695600,20000,1675600
1/4/2023,Premium Motor Spirit,90000,185000,282600,20000,262600
1/4/2023,Premium Motor Spirit,630000,240000,1978200,20000,1958200
1/4/2023,Premium Motor Spirit,90000,220000,282600,20000,262600
1/4/2023,Premium Motor Spirit,540000,220000,1695600,20000,1675600
1/4/2023,Premium Motor Spirit,90000,180000,282600,20000,262600
1/4/2023,Premium Motor Spirit,540000,300000,1695600,20000,1675600
1/4/2023,Premium Motor Spirit,90000,300000,282600,20000,262600
1/4/2023,Urea Fertilizer,630000,220000,201600000,20000,201580000
1/4/2023,Urea Fertilizer,90000,240000,28800000,20000,28780000
1/4/2023,Urea Fertilizer,540000,180000,172800000,20000,172780000
1/4/2023,Urea Fertilizer,90000,155000,28800000,20000,28780000
1/4/2023,Urea Fertilizer,630000,240000,201600000,20000,201580000
1/4/2023,Urea Fertilizer,90000,240000,28800000,20000,28780000
1/4/2023,Urea Fertilizer,630000,220000,201600000,20000,201580000
1/4/2023,Urea Fertilizer,90000,110000,28800000,20000,28780000
1/4/2023,Urea Fertilizer,90000,185000,28800000,20000,28780000
1/4/2023,Urea Fertilizer,90000,110000,28800000,20000,28780000
1/4/2023,Urea Fertilizer,540000,220000,172800000,20000,172780000
1/4/2023,Urea Fertilizer,540000,110000,172800000,20000,172780000
1/4/2023,Urea Fertilizer,630000,190000,201600000,20000,201580000
1/4/2023,,90000,48,0,20000,-20000
1/3/2023,Black oil,90000,60,6615000,82000,6533000
1/3/2023,CNG,540000,58,1571400,50000,1521400
1/3/2023,CNG,90000,58,261900,50000,211900
1/3/2023,CNG,540000,58,1571400,50000,1521400
1/3/2023,CNG,630000,58,1833300,50000,1783300
1/3/2023,Cooking Gas,90000,180000,1772100,80000,1692100
1/3/2023,Cooking Gas,540000,300000,10632600,80000,10552600
1/3/2023,Cooking Gas,630000,340000,12404700,80000,12324700
1/3/2023,Cooking Gas,540000,190000,10632600,80000,10552600
1/3/2023,Cooking Gas,90000,340000,1772100,80000,1692100
1/3/2023,Cooking Gas,90000,310000,1772100,80000,1692100
1/3/2023,Cooking Gas,90000,340000,1772100,80000,1692100
1/3/2023,Cooking Gas,630000,120,12404700,80000,12324700
1/3/2023,Cooking Gas,540000,74,10632600,80000,10552600
1/3/2023,Cooking Gas,90000,74,1772100,80000,1692100
1/3/2023,Cooking Gas,630000,74,12404700,80000,12324700
1/3/2023,Cooking Gas,90000,110000,1772100,80000,1692100
1/3/2023,Cooking Gas,90000,220000,1772100,80000,1692100
1/3/2023,Diesel,90000,310000,106200,20000,86200
1/3/2023,Diesel,90000,340000,106200,20000,86200
1/3/2023,Diesel,630000,300000,743400,20000,723400
1/3/2023,Engine oil,630000,300000,743400,20000,723400
1/3/2023,Engine oil,90000,155000,106200,20000,86200
1/3/2023,Engine oil,90000,240000,106200,20000,86200
1/3/2023,Engine oil,630000,340000,743400,20000,723400
1/3/2023,Kerosene,90000,110000,106200,20000,86200
1/3/2023,Kerosene,90000,300000,106200,20000,86200
1/3/2023,Kerosene,90000,310000,106200,20000,86200
1/3/2023,Kerosene,90000,155000,106200,20000,86200
1/3/2023,Kerosene,90000,110000,106200,20000,86200
1/3/2023,Kerosene,90000,185000,106200,20000,86200
1/3/2023,Kerosene,540000,240000,637200,20000,617200
1/3/2023,Kerosene,90000,190000,106200,20000,86200
1/3/2023,Kerosene,540000,240000,637200,20000,617200
1/3/2023,Kerosene,90000,110000,106200,20000,86200
1/3/2023,Kerosene,90000,180000,106200,20000,86200
1/3/2023,Kerosene,90000,300000,106200,20000,86200
1/3/2023,Kerosene,90000,310000,106200,20000,86200
1/3/2023,Kerosene,630000,155000,743400,20000,723400
1/3/2023,Kerosene,90000,110000,106200,20000,86200
1/3/2023,Kerosene,540000,185000,637200,20000,617200
1/3/2023,Motor oil,90000,310000,102600,20000,82600
1/3/2023,PMS,540000,110000,1695600,20000,1675600
1/3/2023,PMS,630000,220000,1978200,20000,1958200
1/3/2023,PMS,540000,340000,1695600,20000,1675600
1/3/2023,PMS,540000,110000,1695600,20000,1675600
1/3/2023,PMS,90000,190000,282600,20000,262600
1/3/2023,PMS,90000,190000,282600,20000,262600
1/3/2023,Premium Motor Spirit,630000,300000,1978200,20000,1958200
1/3/2023,Premium Motor Spirit,90000,300000,282600,20000,262600
1/3/2023,Premium Motor Spirit,90000,185000,282600,20000,262600
1/3/2023,Premium Motor Spirit,540000,190000,1695600,20000,1675600
1/3/2023,Premium Motor Spirit,630000,180000,1978200,20000,1958200
1/3/2023,Premium Motor Spirit,630000,155000,1978200,20000,1958200
1/3/2023,Premium Motor Spirit,630000,180000,1978200,20000,1958200
1/3/2023,Premium Motor Spirit,90000,110000,282600,20000,262600
1/3/2023,Premium Motor Spirit,630000,155000,1978200,20000,1958200
1/3/2023,Urea Fertilizer,540000,110000,172800000,20000,172780000
1/3/2023,Urea Fertilizer,540000,180000,172800000,20000,172780000
1/3/2023,Urea Fertilizer,90000,300000,28800000,20000,28780000
1/3/2023,Urea Fertilizer,540000,185000,172800000,20000,172780000
1/3/2023,Urea Fertilizer,540000,190000,172800000,20000,172780000
1/2/2023,Aviation Fuel,90000,240000,7533000,86000,7447000
1/2/2023,Black oil,90000,72,6615000,82000,6533000
1/2/2023,Black oil,630000,66,46305000,82000,46223000
1/2/2023,CNG,540000,68,1571400,50000,1521400
1/2/2023,Cooking Gas,630000,155000,12404700,80000,12324700
1/2/2023,Cooking Gas,540000,110000,10632600,80000,10552600
1/2/2023,Cooking Gas,540000,300000,10632600,80000,10552600
1/2/2023,Cooking Gas,90000,155000,1772100,80000,1692100
1/2/2023,Cooking Gas,90000,220000,1772100,80000,1692100
1/2/2023,Cooking Gas,90000,310000,1772100,80000,1692100
1/2/2023,Cooking Gas,630000,190000,12404700,80000,12324700
1/2/2023,Cooking Gas,630000,340000,12404700,80000,12324700
1/2/2023,Diesel,540000,185000,637200,20000,617200
1/2/2023,Diesel,630000,190000,743400,20000,723400
1/2/2023,Diesel,630000,155000,743400,20000,723400
1/2/2023,Diesel,90000,310000,106200,20000,86200
1/2/2023,Engine oil,630000,310000,743400,20000,723400
1/2/2023,Engine oil,90000,185000,106200,20000,86200
1/2/2023,Engine oil,90000,340000,106200,20000,86200
1/2/2023,Engine oil,540000,310000,637200,20000,617200
1/2/2023,Engine oil,90000,185000,106200,20000,86200
1/2/2023,Engine oil,90000,190000,106200,20000,86200
1/2/2023,Engine oil,630000,155000,743400,20000,723400
1/2/2023,Engine oil,90000,185000,106200,20000,86200
1/2/2023,Engine oil,540000,220000,637200,20000,617200
1/2/2023,Engine oil,90000,240000,106200,20000,86200
1/2/2023,Engine oil,540000,220000,637200,20000,617200
1/2/2023,Engine oil,90000,240000,106200,20000,86200
1/2/2023,Engine oil,90000,340000,106200,20000,86200
1/2/2023,Engine oil,90000,310000,106200,20000,86200
1/2/2023,Engine oil,630000,220000,743400,20000,723400
1/2/2023,Kerosene,90000,310000,106200,20000,86200
1/2/2023,Kerosene,540000,155000,637200,20000,617200
1/2/2023,Kerosene,90000,110000,106200,20000,86200
1/2/2023,Kerosene,540000,185000,637200,20000,617200
1/2/2023,Kerosene,90000,240000,106200,20000,86200
1/2/2023,Kerosene,630000,190000,743400,20000,723400
1/2/2023,Kerosene,90000,240000,106200,20000,86200
1/2/2023,Kerosene,90000,110000,106200,20000,86200
1/2/2023,Kerosene,540000,180000,637200,20000,617200
1/2/2023,Kerosene,630000,300000,743400,20000,723400
1/2/2023,Kerosene,540000,310000,637200,20000,617200
1/2/2023,Kerosene,90000,155000,106200,20000,86200
1/2/2023,Kerosene,540000,110000,637200,20000,617200
1/2/2023,Kerosene,90000,185000,106200,20000,86200
1/2/2023,Kerosene,630000,240000,743400,20000,723400
1/2/2023,Kerosene,630000,190000,743400,20000,723400
1/2/2023,Kerosene,90000,240000,106200,20000,86200
1/2/2023,Light PMS,630000,110000,1978200,20000,1958200
1/2/2023,LPG,90000,190000,282600,20000,262600
1/2/2023,Lub,90000,190000,102600,20000,82600
1/2/2023,Lub,90000,240000,102600,20000,82600
1/2/2023,Lub,90000,245000,102600,20000,82600
1/2/2023,Lub,630000,252000,718200,20000,698200
1/2/2023,Motor oil,540000,110000,615600,20000,595600
1/2/2023,Motor oil,630000,240000,718200,20000,698200
1/2/2023,Motor oil,90000,110000,102600,20000,82600
1/2/2023,Motor oil,90000,190000,102600,20000,82600
1/2/2023,Motor oil,540000,300000,615600,20000,595600
1/2/2023,PMS,90000,310000,282600,20000,262600
1/2/2023,Premium Motor Spirit,90000,220000,282600,20000,262600
1/2/2023,Premium Motor Spirit,90000,220000,282600,20000,262600
1/2/2023,Premium Motor Spirit,540000,180000,1695600,20000,1675600
1/2/2023,Premium Motor Spirit,90000,300000,282600,20000,262600
1/2/2023,Premium Motor Spirit,630000,300000,1978200,20000,1958200
1/2/2023,Premium Motor Spirit,90000,185000,282600,20000,262600
1/2/2023,Premium Motor Spirit,630000,190000,1978200,20000,1958200
1/2/2023,Premium Motor Spirit,90000,180000,282600,20000,262600
1/2/2023,Premium Motor Spirit,630000,155000,1978200,20000,1958200
1/2/2023,Premium Motor Spirit,90000,180000,282600,20000,262600
1/2/2023,Premium Motor Spirit,90000,110000,282600,20000,262600
1/2/2023,Premium Motor Spirit,90000,155000,282600,20000,262600
1/2/2023,Premium Motor Spirit,540000,180000,1695600,20000,1675600
1/2/2023,Urea Fertilizer,90000,185000,28800000,20000,28780000
1/2/2023,Urea Fertilizer,540000,110000,172800000,20000,172780000
1/2/2023,Urea Fertilizer,540000,220000,172800000,20000,172780000
1/2/2023,Urea Fertilizer,630000,110000,201600000,20000,201580000
1/2/2023,Urea Fertilizer,540000,190000,172800000,20000,172780000
1/2/2023,Urea Fertilizer,90000,190000,28800000,20000,28780000
1/2/2023,Urea Fertilizer,540000,240000,172800000,20000,172780000
1/2/2023,Urea Fertilizer,540000,190000,172800000,20000,172780000
1/1/2023,Aviation Fuel,540000,220000,45198000,86000,45112000
1/1/2023,Black oil,630000,72,46305000,82000,46223000
1/1/2023,Brake oil,90000,76,6615000,82000,6533000
1/1/2023,Cooking Gas,540000,180000,10632600,80000,10552600
1/1/2023,Cooking Gas,90000,220000,1772100,80000,1692100
1/1/2023,Cooking Gas,90000,155000,1772100,80000,1692100
1/1/2023,Diesel,90000,190000,106200,20000,86200
1/1/2023,Engine oil,90000,300000,106200,20000,86200
1/1/2023,Engine oil,540000,110000,637200,20000,617200
1/1/2023,Engine oil,630000,300000,743400,20000,723400
1/1/2023,Engine oil,540000,220000,637200,20000,617200
1/1/2023,Kerosene,540000,240000,637200,20000,617200
1/1/2023,Kerosene,90000,190000,106200,20000,86200
1/1/2023,Kerosene,90000,240000,106200,20000,86200
1/1/2023,Kerosene,90000,110000,106200,20000,86200
1/1/2023,Kerosene,630000,300000,743400,20000,723400
1/1/2023,Light PMS,90000,310000,282600,20000,262600
1/1/2023,Light PMS,630000,155000,1978200,20000,1958200
1/1/2023,LPG,90000,300000,282600,20000,262600
1/1/2023,PMS,90000,155000,282600,20000,262600
1/1/2023,PMS,540000,155000,1695600,20000,1675600
1/1/2023,Premium Motor Spirit,630000,340000,1978200,20000,1958200
1/1/2023,Premium Motor Spirit,90000,180000,282600,20000,262600
1/1/2023,Premium Motor Spirit,630000,300000,1978200,20000,1958200
1/1/2023,Premium Motor Spirit,630000,185000,1978200,20000,1958200
1/1/2023,Premium Motor Spirit,90000,240000,282600,20000,262600
1/1/2023,Urea Fertilizer,540000,240000,172800000,20000,172780000
1/1/2023,Urea Fertilizer,90000,220000,28800000,20000,28780000
1/1/2023,Urea Fertilizer,90000,110000,28800000,20000,28780000
1/1/2023,,90000,75,0,20000,-20000
1/1/2023,,630000,75,0,20000,-20000
1/12/2022,Aviation Fuel,90000,180000,7533000,86000,7447000
1/12/2022,Aviation Fuel,90000,155000,7533000,86000,7447000
1/12/2022,Aviation Fuel,90000,110000,7533000,86000,7447000
1/12/2022,Black oil,90000,90,6615000,82000,6533000
1/12/2022,Black oil,90000,78,6615000,82000,6533000
1/12/2022,Brake oil,90000,96,6615000,82000,6533000
1/12/2022,Brake oil,90000,90,6615000,82000,6533000
1/12/2022,Brake oil,90000,92,6615000,82000,6533000
1/12/2022,CNG,90000,114,261900,50000,211900
1/12/2022,CNG,540000,114,1571400,50000,1521400
1/12/2022,CNG,90000,98,261900,50000,211900
1/12/2022,CNG,630000,98,1833300,50000,1783300
1/12/2022,CNG,630000,96,1833300,50000,1783300
1/12/2022,CNG,90000,98,261900,50000,211900
1/12/2022,CNG,90000,88,261900,50000,211900
1/12/2022,CNG,630000,90,1833300,50000,1783300
1/12/2022,Cooking Gas,90000,110000,1772100,80000,1692100
1/12/2022,Cooking Gas,90000,220000,1772100,80000,1692100
1/12/2022,Cooking Gas,90000,340000,1772100,80000,1692100
1/12/2022,Cooking Gas,90000,180000,1772100,80000,1692100
1/12/2022,Cooking Gas,90000,155000,1772100,80000,1692100
1/12/2022,Cooking Gas,630000,400000,12404700,80000,12324700
1/12/2022,Cooking Gas,630000,110000,12404700,80000,12324700
1/12/2022,Cooking Gas,90000,340000,1772100,80000,1692100
1/12/2022,Cooking Gas,90000,160000,1772100,80000,1692100
1/12/2022,Cooking Gas,540000,220000,10632600,80000,10552600
1/12/2022,Cooking Gas,90000,185000,1772100,80000,1692100
1/12/2022,Cooking Gas,630000,160000,12404700,80000,12324700
1/12/2022,Cooking Gas,540000,190000,10632600,80000,10552600
1/12/2022,Cooking Gas,540000,240000,10632600,80000,10552600
1/12/2022,Cooking Gas,90000,110000,1772100,80000,1692100
1/12/2022,Diesel,630000,300000,743400,20000,723400
1/12/2022,Diesel,540000,310000,637200,20000,617200
1/12/2022,Diesel,90000,160000,106200,20000,86200
1/12/2022,Diesel,90000,240000,106200,20000,86200
1/12/2022,Diesel,630000,310000,743400,20000,723400
1/12/2022,Diesel,90000,180000,106200,20000,86200
1/12/2022,Diesel,90000,310000,106200,20000,86200
1/12/2022,Engine oil,90000,155000,106200,20000,86200
1/12/2022,Engine oil,90000,240000,106200,20000,86200
1/12/2022,Engine oil,630000,340000,743400,20000,723400
1/12/2022,Engine oil,90000,180000,106200,20000,86200
1/12/2022,Engine oil,630000,310000,743400,20000,723400
1/12/2022,Engine oil,630000,155000,743400,20000,723400
1/12/2022,Engine oil,90000,190000,106200,20000,86200
1/12/2022,Engine oil,90000,240000,106200,20000,86200
1/12/2022,Engine oil,90000,190000,106200,20000,86200
1/12/2022,Engine oil,630000,340000,743400,20000,723400
1/12/2022,Engine oil,90000,180000,106200,20000,86200
1/12/2022,Engine oil,90000,300000,106200,20000,86200
1/12/2022,Engine oil,630000,240000,743400,20000,723400
1/12/2022,Engine oil,90000,155000,106200,20000,86200
1/12/2022,Engine oil,90000,110000,106200,20000,86200
1/12/2022,Engine oil,90000,240000,106200,20000,86200
1/12/2022,Engine oil,90000,340000,106200,20000,86200
1/12/2022,Engine oil,90000,310000,106200,20000,86200
1/12/2022,Engine oil,540000,340000,637200,20000,617200
1/12/2022,Engine oil,90000,310000,106200,20000,86200
1/12/2022,Engine oil,90000,190000,106200,20000,86200
1/12/2022,Engine oil,630000,190000,743400,20000,723400
1/12/2022,Engine oil,630000,240000,743400,20000,723400
1/12/2022,Engine oil,90000,300000,106200,20000,86200
1/12/2022,Engine oil,90000,310000,106200,20000,86200
1/12/2022,Engine oil,90000,190000,106200,20000,86200
1/12/2022,Engine oil,630000,300000,743400,20000,723400
1/12/2022,Engine oil,630000,240000,743400,20000,723400
1/12/2022,Engine oil,630000,190000,743400,20000,723400
1/12/2022,Engine oil,90000,240000,106200,20000,86200
1/12/2022,Engine oil,540000,240000,637200,20000,617200
1/12/2022,Kerosene,90000,300000,106200,20000,86200
1/12/2022,Kerosene,90000,310000,106200,20000,86200
1/12/2022,Kerosene,90000,155000,106200,20000,86200
1/12/2022,Kerosene,90000,110000,106200,20000,86200
1/12/2022,Kerosene,630000,185000,743400,20000,723400
1/12/2022,Kerosene,90000,240000,106200,20000,86200
1/12/2022,Kerosene,90000,190000,106200,20000,86200
1/12/2022,Kerosene,540000,240000,637200,20000,617200
1/12/2022,Kerosene,90000,110000,106200,20000,86200
1/12/2022,Kerosene,90000,180000,106200,20000,86200
1/12/2022,Kerosene,630000,300000,743400,20000,723400
1/12/2022,Kerosene,90000,310000,106200,20000,86200
1/12/2022,Kerosene,90000,155000,106200,20000,86200
1/12/2022,Kerosene,540000,110000,637200,20000,617200
1/12/2022,Kerosene,90000,185000,106200,20000,86200
1/12/2022,Kerosene,90000,240000,106200,20000,86200
1/12/2022,Kerosene,630000,190000,743400,20000,723400
1/12/2022,Kerosene,90000,240000,106200,20000,86200
1/12/2022,Kerosene,540000,110000,637200,20000,617200
1/12/2022,Kerosene,90000,180000,106200,20000,86200
1/12/2022,Kerosene,90000,300000,106200,20000,86200
1/12/2022,Kerosene,90000,310000,106200,20000,86200
1/12/2022,Kerosene,90000,155000,106200,20000,86200
1/12/2022,Kerosene,630000,110000,743400,20000,723400
1/12/2022,Kerosene,90000,185000,106200,20000,86200
1/12/2022,Kerosene,90000,240000,106200,20000,86200
1/12/2022,Kerosene,90000,190000,106200,20000,86200
1/12/2022,Kerosene,90000,240000,106200,20000,86200
1/12/2022,Kerosene,90000,110000,106200,20000,86200
1/12/2022,Kerosene,630000,180000,743400,20000,723400
1/12/2022,Kerosene,630000,300000,743400,20000,723400
1/12/2022,Kerosene,90000,310000,106200,20000,86200
1/12/2022,Kerosene,630000,155000,743400,20000,723400
1/12/2022,Kerosene,90000,110000,106200,20000,86200
1/12/2022,Kerosene,90000,185000,106200,20000,86200
1/12/2022,Kerosene,540000,240000,637200,20000,617200
1/12/2022,Kerosene,90000,190000,106200,20000,86200
1/12/2022,Kerosene,90000,240000,106200,20000,86200
1/12/2022,Kerosene,540000,110000,637200,20000,617200
1/12/2022,Kerosene,630000,300000,743400,20000,723400
1/12/2022,Kerosene,630000,310000,743400,20000,723400
1/12/2022,Kerosene,90000,155000,106200,20000,86200
1/12/2022,Kerosene,630000,110000,743400,20000,723400
1/12/2022,Kerosene,540000,185000,637200,20000,617200
1/12/2022,Kerosene,90000,240000,106200,20000,86200
1/12/2022,Kerosene,90000,190000,106200,20000,86200
1/12/2022,Kerosene,90000,240000,106200,20000,86200
1/12/2022,Kerosene,90000,110000,106200,20000,86200
1/12/2022,Kerosene,540000,180000,637200,20000,617200
1/12/2022,Kerosene,630000,300000,743400,20000,723400
1/12/2022,Kerosene,540000,310000,637200,20000,617200
1/12/2022,Kerosene,630000,155000,743400,20000,723400
1/12/2022,Kerosene,540000,110000,637200,20000,617200
1/12/2022,Kerosene,90000,185000,106200,20000,86200
1/12/2022,Light PMS,630000,110000,1978200,20000,1958200
1/12/2022,LPG,630000,180000,1978200,20000,1958200
1/12/2022,Lub,630000,190000,718200,20000,698200
1/12/2022,Lub,90000,240000,102600,20000,82600
1/12/2022,Lub,540000,180000,615600,20000,595600
1/12/2022,Lub,630000,300000,718200,20000,698200
1/12/2022,Motor oil,90000,190000,102600,20000,82600
1/12/2022,Motor oil,90000,240000,102600,20000,82600
1/12/2022,Motor oil,90000,240000,102600,20000,82600
1/12/2022,Motor oil,90000,340000,102600,20000,82600
1/12/2022,Motor oil,90000,155000,102600,20000,82600
1/12/2022,PMS,90000,300000,282600,20000,262600
1/12/2022,PMS,540000,310000,1695600,20000,1675600
1/12/2022,PMS,90000,310000,282600,20000,262600
1/12/2022,PMS,540000,110000,1695600,20000,1675600
1/12/2022,PMS,90000,185000,282600,20000,262600
1/12/2022,Premium Motor Spirit,90000,180000,282600,20000,262600
1/12/2022,Premium Motor Spirit,90000,300000,282600,20000,262600
1/12/2022,Premium Motor Spirit,90000,300000,282600,20000,262600
1/12/2022,Premium Motor Spirit,90000,185000,282600,20000,262600
1/12/2022,Premium Motor Spirit,90000,190000,282600,20000,262600
1/12/2022,Premium Motor Spirit,90000,180000,282600,20000,262600
1/12/2022,Premium Motor Spirit,90000,155000,282600,20000,262600
1/12/2022,Premium Motor Spirit,630000,180000,1978200,20000,1958200
1/12/2022,Premium Motor Spirit,540000,110000,1695600,20000,1675600
1/12/2022,Premium Motor Spirit,90000,155000,282600,20000,262600
1/12/2022,Premium Motor Spirit,630000,180000,1978200,20000,1958200
1/12/2022,Premium Motor Spirit,90000,300000,282600,20000,262600
1/12/2022,Premium Motor Spirit,90000,300000,282600,20000,262600
1/12/2022,Premium Motor Spirit,90000,185000,282600,20000,262600
1/12/2022,Premium Motor Spirit,630000,190000,1978200,20000,1958200
1/12/2022,Premium Motor Spirit,90000,180000,282600,20000,262600
1/12/2022,Premium Motor Spirit,90000,155000,282600,20000,262600
1/12/2022,Premium Motor Spirit,90000,180000,282600,20000,262600
1/12/2022,Premium Motor Spirit,540000,110000,1695600,20000,1675600
1/12/2022,Premium Motor Spirit,90000,155000,282600,20000,262600
1/12/2022,Premium Motor Spirit,90000,300000,282600,20000,262600
1/12/2022,Premium Motor Spirit,630000,310000,1978200,20000,1958200
1/12/2022,Urea Fertilizer,630000,190000,201600000,20000,201580000
1/12/2022,Urea Fertilizer,90000,220000,28800000,20000,28780000
1/12/2022,Urea Fertilizer,90000,240000,28800000,20000,28780000
1/12/2022,Urea Fertilizer,630000,180000,201600000,20000,201580000
1/12/2022,Urea Fertilizer,540000,155000,172800000,20000,172780000
1/12/2022,Urea Fertilizer,90000,240000,28800000,20000,28780000
1/12/2022,Urea Fertilizer,540000,240000,172800000,20000,172780000
1/12/2022,Urea Fertilizer,630000,220000,201600000,20000,201580000
1/12/2022,Urea Fertilizer,90000,110000,28800000,20000,28780000
1/12/2022,Urea Fertilizer,630000,185000,201600000,20000,201580000
1/12/2022,Urea Fertilizer,630000,110000,201600000,20000,201580000
1/12/2022,Urea Fertilizer,90000,220000,28800000,20000,28780000
1/12/2022,Urea Fertilizer,90000,110000,28800000,20000,28780000
1/12/2022,Urea Fertilizer,90000,190000,28800000,20000,28780000
1/12/2022,Urea Fertilizer,90000,190000,28800000,20000,28780000
1/12/2022,Urea Fertilizer,90000,240000,28800000,20000,28780000
1/12/2022,Urea Fertilizer,540000,190000,172800000,20000,172780000
1/12/2022,Urea Fertilizer,90000,110000,28800000,20000,28780000
1/12/2022,Urea Fertilizer,540000,180000,172800000,20000,172780000
1/12/2022,Urea Fertilizer,90000,300000,28800000,20000,28780000
1/12/2022,Urea Fertilizer,630000,185000,201600000,20000,201580000
1/12/2022,Urea Fertilizer,90000,190000,28800000,20000,28780000
1/12/2022,Urea Fertilizer,90000,220000,28800000,20000,28780000
1/12/2022,Urea Fertilizer,90000,240000,28800000,20000,28780000
1/12/2022,Urea Fertilizer,630000,180000,201600000,20000,201580000
1/12/2022,Urea Fertilizer,540000,155000,172800000,20000,172780000
1/12/2022,Urea Fertilizer,90000,240000,28800000,20000,28780000
1/11/2022,Aviation Fuel,90000,240000,7533000,86000,7447000
1/11/2022,Aviation Fuel,600000,310000,50220000,86000,50134000
1/11/2022,Aviation Fuel,540000,185000,45198000,86000,45112000
1/11/2022,Black oil,600000,240000,44100000,82000,44018000
1/11/2022,Black oil,630000,180000,46305000,82000,46223000
1/11/2022,Brake oil,90000,180000,6615000,82000,6533000
1/11/2022,Brake oil,500000,240000,36750000,82000,36668000
1/11/2022,Brake oil,90000,300000,6615000,82000,6533000
1/11/2022,Brake oil,540000,220000,39690000,82000,39608000
1/11/2022,CNG,90000,340000,261900,50000,211900
1/11/2022,CNG,90000,190000,261900,50000,211900
1/11/2022,CNG,600000,185000,1746000,50000,1696000
1/11/2022,Cooking Gas,540000,110000,10632600,80000,10552600
1/11/2022,Cooking Gas,540000,180000,10632600,80000,10552600
1/11/2022,Cooking Gas,540000,220000,10632600,80000,10552600
1/11/2022,Cooking Gas,90000,155000,1772100,80000,1692100
1/11/2022,Cooking Gas,90000,155000,1772100,80000,1692100
1/11/2022,Cooking Gas,90000,110000,1772100,80000,1692100
1/11/2022,Cooking Gas,500000,300000,9845000,80000,9765000
1/11/2022,Cooking Gas,630000,155000,12404700,80000,12324700
1/11/2022,Cooking Gas,90000,220000,1772100,80000,1692100
1/11/2022,Cooking Gas,90000,310000,1772100,80000,1692100
1/11/2022,Cooking Gas,90000,190000,1772100,80000,1692100
1/11/2022,Cooking Gas,500000,340000,9845000,80000,9765000
1/11/2022,Cooking Gas,90000,180000,1772100,80000,1692100
1/11/2022,Cooking Gas,630000,300000,12404700,80000,12324700
1/11/2022,Cooking Gas,500000,340000,9845000,80000,9765000
1/11/2022,Cooking Gas,630000,190000,12404700,80000,12324700
1/11/2022,Cooking Gas,90000,340000,1772100,80000,1692100
1/11/2022,Cooking Gas,90000,310000,1772100,80000,1692100
1/11/2022,Cooking Gas,90000,340000,1772100,80000,1692100
1/11/2022,Diesel,570000,310000,672600,20000,652600
1/11/2022,Diesel,500000,180000,590000,20000,570000
1/11/2022,Diesel,630000,310000,743400,20000,723400
1/11/2022,Diesel,450000,190000,531000,20000,511000
1/11/2022,Diesel,90000,185000,106200,20000,86200
1/11/2022,Diesel,90000,190000,106200,20000,86200
1/11/2022,Diesel,90000,155000,106200,20000,86200
1/11/2022,Diesel,90000,310000,106200,20000,86200
1/11/2022,Diesel,90000,310000,106200,20000,86200
1/11/2022,Diesel,630000,340000,743400,20000,723400
1/11/2022,Engine oil,400000,240000,472000,20000,452000
1/11/2022,Engine oil,540000,155000,637200,20000,617200
1/11/2022,Engine oil,540000,110000,637200,20000,617200
1/11/2022,Engine oil,100000,240000,118000,20000,98000
1/11/2022,Engine oil,570000,340000,672600,20000,652600
1/11/2022,Engine oil,100000,310000,118000,20000,98000
1/11/2022,Engine oil,390000,340000,460200,20000,440200
1/11/2022,Engine oil,100000,310000,118000,20000,98000
1/11/2022,Engine oil,100000,190000,118000,20000,98000
1/11/2022,Engine oil,600000,190000,708000,20000,688000
1/11/2022,Engine oil,390000,240000,460200,20000,440200
1/11/2022,Engine oil,90000,300000,106200,20000,86200
1/11/2022,Engine oil,90000,310000,106200,20000,86200
1/11/2022,Engine oil,90000,190000,106200,20000,86200
1/11/2022,Engine oil,90000,300000,106200,20000,86200
1/11/2022,Engine oil,450000,240000,531000,20000,511000
1/11/2022,Engine oil,600000,190000,708000,20000,688000
1/11/2022,Engine oil,90000,240000,106200,20000,86200
1/11/2022,Engine oil,500000,240000,590000,20000,570000
1/11/2022,Engine oil,90000,300000,106200,20000,86200
1/11/2022,Engine oil,90000,110000,106200,20000,86200
1/11/2022,Engine oil,90000,300000,106200,20000,86200
1/11/2022,Engine oil,600000,220000,708000,20000,688000
1/11/2022,Engine oil,90000,310000,106200,20000,86200
1/11/2022,Engine oil,90000,185000,106200,20000,86200
1/11/2022,Engine oil,500000,340000,590000,20000,570000
1/11/2022,Engine oil,90000,310000,106200,20000,86200
1/11/2022,Engine oil,90000,185000,106200,20000,86200
1/11/2022,Engine oil,600000,190000,708000,20000,688000
1/11/2022,Engine oil,90000,155000,106200,20000,86200
1/11/2022,Engine oil,90000,185000,106200,20000,86200
1/11/2022,Engine oil,600000,220000,708000,20000,688000
1/11/2022,Engine oil,600000,240000,708000,20000,688000
1/11/2022,Engine oil,90000,220000,106200,20000,86200
1/11/2022,Engine oil,90000,240000,106200,20000,86200
1/11/2022,Engine oil,500000,340000,590000,20000,570000
1/11/2022,Engine oil,90000,310000,106200,20000,86200
1/11/2022,Engine oil,500000,220000,590000,20000,570000
1/11/2022,Engine oil,90000,300000,106200,20000,86200
1/11/2022,Kerosene,400000,155000,472000,20000,452000
1/11/2022,Kerosene,400000,185000,472000,20000,452000
1/11/2022,Kerosene,540000,220000,637200,20000,617200
1/11/2022,Kerosene,100000,190000,118000,20000,98000
1/11/2022,Kerosene,540000,190000,637200,20000,617200
1/11/2022,Kerosene,540000,340000,637200,20000,617200
1/11/2022,Kerosene,100000,180000,118000,20000,98000
1/11/2022,Kerosene,400000,300000,472000,20000,452000
1/11/2022,Kerosene,540000,310000,637200,20000,617200
1/11/2022,Kerosene,400000,155000,472000,20000,452000
1/11/2022,Kerosene,540000,110000,637200,20000,617200
1/11/2022,Kerosene,100000,180000,118000,20000,98000
1/11/2022,Kerosene,400000,300000,472000,20000,452000
1/11/2022,Kerosene,540000,310000,637200,20000,617200
1/11/2022,Kerosene,400000,155000,472000,20000,452000
1/11/2022,Kerosene,540000,110000,637200,20000,617200
1/11/2022,Kerosene,100000,185000,118000,20000,98000
1/11/2022,Kerosene,400000,310000,472000,20000,452000
1/11/2022,Kerosene,400000,110000,472000,20000,452000
1/11/2022,Kerosene,540000,180000,637200,20000,617200
1/11/2022,Kerosene,100000,300000,118000,20000,98000
1/11/2022,Kerosene,400000,310000,472000,20000,452000
1/11/2022,Kerosene,540000,155000,637200,20000,617200
1/11/2022,Kerosene,400000,110000,472000,20000,452000
1/11/2022,Kerosene,540000,185000,637200,20000,617200
1/11/2022,Kerosene,100000,220000,118000,20000,98000
1/11/2022,Kerosene,100000,190000,118000,20000,98000
1/11/2022,Kerosene,400000,240000,472000,20000,452000
1/11/2022,Kerosene,540000,190000,637200,20000,617200
1/11/2022,Kerosene,400000,240000,472000,20000,452000
1/11/2022,Kerosene,540000,340000,637200,20000,617200
1/11/2022,Kerosene,100000,180000,118000,20000,98000
1/11/2022,Kerosene,390000,155000,460200,20000,440200
1/11/2022,Kerosene,390000,180000,460200,20000,440200
1/11/2022,Kerosene,540000,300000,637200,20000,617200
1/11/2022,Kerosene,570000,155000,672600,20000,652600
1/11/2022,Kerosene,600000,240000,708000,20000,688000
1/11/2022,Kerosene,100000,300000,118000,20000,98000
1/11/2022,Kerosene,600000,155000,708000,20000,688000
1/11/2022,Kerosene,570000,155000,672600,20000,652600
1/11/2022,Kerosene,570000,240000,672600,20000,652600
1/11/2022,Kerosene,80000,340000,94400,20000,74400
1/11/2022,Kerosene,390000,180000,460200,20000,440200
1/11/2022,Kerosene,90000,155000,106200,20000,86200
1/11/2022,Kerosene,90000,110000,106200,20000,86200
1/11/2022,Kerosene,90000,185000,106200,20000,86200
1/11/2022,Kerosene,90000,185000,106200,20000,86200
1/11/2022,Kerosene,90000,190000,106200,20000,86200
1/11/2022,Kerosene,500000,240000,590000,20000,570000
1/11/2022,Kerosene,630000,180000,743400,20000,723400
1/11/2022,Kerosene,90000,300000,106200,20000,86200
1/11/2022,Kerosene,90000,310000,106200,20000,86200
1/11/2022,Kerosene,600000,340000,708000,20000,688000
1/11/2022,Kerosene,90000,310000,106200,20000,86200
1/11/2022,Kerosene,450000,240000,531000,20000,511000
1/11/2022,Kerosene,630000,180000,743400,20000,723400
1/11/2022,Kerosene,90000,190000,106200,20000,86200
1/11/2022,Kerosene,500000,240000,590000,20000,570000
1/11/2022,Kerosene,90000,190000,106200,20000,86200
1/11/2022,Kerosene,630000,240000,743400,20000,723400
1/11/2022,Kerosene,90000,185000,106200,20000,86200
1/11/2022,Kerosene,90000,220000,106200,20000,86200
1/11/2022,Kerosene,450000,240000,531000,20000,511000
1/11/2022,Kerosene,600000,190000,708000,20000,688000
1/11/2022,Kerosene,90000,240000,106200,20000,86200
1/11/2022,Kerosene,320000,180000,377600,20000,357600
1/11/2022,Kerosene,90000,310000,106200,20000,86200
1/11/2022,Kerosene,90000,155000,106200,20000,86200
1/11/2022,Kerosene,90000,110000,106200,20000,86200
1/11/2022,Kerosene,600000,190000,708000,20000,688000
1/11/2022,Kerosene,90000,180000,106200,20000,86200
1/11/2022,Kerosene,90000,310000,106200,20000,86200
1/11/2022,Kerosene,90000,240000,106200,20000,86200
1/11/2022,Kerosene,90000,340000,106200,20000,86200
1/11/2022,Kerosene,90000,180000,106200,20000,86200
1/11/2022,Kerosene,600000,300000,708000,20000,688000
1/11/2022,Kerosene,500000,155000,590000,20000,570000
1/11/2022,Kerosene,630000,110000,743400,20000,723400
1/11/2022,Kerosene,90000,220000,106200,20000,86200
1/11/2022,Kerosene,90000,240000,106200,20000,86200
1/11/2022,Kerosene,500000,110000,590000,20000,570000
1/11/2022,Kerosene,630000,185000,743400,20000,723400
1/11/2022,Kerosene,90000,190000,106200,20000,86200
1/11/2022,Kerosene,90000,155000,106200,20000,86200
1/11/2022,Kerosene,90000,110000,106200,20000,86200
1/11/2022,Kerosene,600000,185000,708000,20000,688000
1/11/2022,Kerosene,600000,220000,708000,20000,688000
1/11/2022,Kerosene,630000,340000,743400,20000,723400
1/11/2022,Kerosene,90000,300000,106200,20000,86200
1/11/2022,Kerosene,630000,155000,743400,20000,723400
1/11/2022,Kerosene,90000,220000,106200,20000,86200
1/11/2022,Kerosene,90000,190000,106200,20000,86200
1/11/2022,Kerosene,630000,340000,743400,20000,723400
1/11/2022,Kerosene,90000,180000,106200,20000,86200
1/11/2022,Kerosene,540000,300000,637200,20000,617200
1/11/2022,Kerosene,90000,310000,106200,20000,86200
1/11/2022,Kerosene,90000,155000,106200,20000,86200
1/11/2022,Kerosene,630000,110000,743400,20000,723400
1/11/2022,Kerosene,90000,185000,106200,20000,86200
1/11/2022,Kerosene,90000,240000,106200,20000,86200
1/11/2022,Kerosene,630000,190000,743400,20000,723400
1/11/2022,Kerosene,90000,240000,106200,20000,86200
1/11/2022,Kerosene,90000,110000,106200,20000,86200
1/11/2022,Kerosene,90000,180000,106200,20000,86200
1/11/2022,Light PMS,630000,240000,1978200,20000,1958200
1/11/2022,Lubricant,90000,190000,102600,20000,82600
1/11/2022,Lubricant,90000,240000,102600,20000,82600
1/11/2022,Lubricant,500000,240000,570000,20000,550000
1/11/2022,Lubricant,90000,340000,102600,20000,82600
1/11/2022,Lubricant,90000,155000,102600,20000,82600
1/11/2022,Lubricant,90000,110000,102600,20000,82600
1/11/2022,Motor oil,100000,310000,114000,20000,94000
1/11/2022,Motor oil,600000,310000,684000,20000,664000
1/11/2022,Motor oil,90000,110000,102600,20000,82600
1/11/2022,Motor oil,450000,185000,513000,20000,493000
1/11/2022,Motor oil,90000,155000,102600,20000,82600
1/11/2022,PMS,600000,110000,1884000,20000,1864000
1/11/2022,PMS,650000,220000,2041000,20000,2021000
1/11/2022,PMS,90000,340000,282600,20000,262600
1/11/2022,PMS,90000,110000,282600,20000,262600
1/11/2022,PMS,600000,190000,1884000,20000,1864000
1/11/2022,PMS,90000,190000,282600,20000,262600
1/11/2022,PMS,540000,240000,1695600,20000,1675600
1/11/2022,Premium Motor Spirit,570000,300000,1789800,20000,1769800
1/11/2022,Premium Motor Spirit,390000,300000,1224600,20000,1204600
1/11/2022,Premium Motor Spirit,540000,310000,1695600,20000,1675600
1/11/2022,Premium Motor Spirit,600000,340000,1884000,20000,1864000
1/11/2022,Premium Motor Spirit,390000,180000,1224600,20000,1204600
1/11/2022,Premium Motor Spirit,540000,300000,1695600,20000,1675600
1/11/2022,Premium Motor Spirit,390000,185000,1224600,20000,1204600
1/11/2022,Premium Motor Spirit,600000,240000,1884000,20000,1864000
1/11/2022,Premium Motor Spirit,600000,220000,1884000,20000,1864000
1/11/2022,Premium Motor Spirit,600000,220000,1884000,20000,1864000
1/11/2022,Premium Motor Spirit,630000,180000,1978200,20000,1958200
1/11/2022,Premium Motor Spirit,630000,300000,1978200,20000,1958200
1/11/2022,Premium Motor Spirit,630000,300000,1978200,20000,1958200
1/11/2022,Premium Motor Spirit,90000,185000,282600,20000,262600
1/11/2022,Premium Motor Spirit,600000,190000,1884000,20000,1864000
1/11/2022,Premium Motor Spirit,90000,180000,282600,20000,262600
1/11/2022,Premium Motor Spirit,600000,155000,1884000,20000,1864000
1/11/2022,Premium Motor Spirit,540000,180000,1695600,20000,1675600
1/11/2022,Premium Motor Spirit,90000,110000,282600,20000,262600
1/11/2022,Premium Motor Spirit,540000,155000,1695600,20000,1675600
1/11/2022,Urea Fertilizer,400000,240000,128000000,20000,127980000
1/11/2022,Urea Fertilizer,600000,180000,192000000,20000,191980000
1/11/2022,Urea Fertilizer,100000,155000,32000000,20000,31980000
1/11/2022,Urea Fertilizer,570000,240000,182400000,20000,182380000
1/11/2022,Urea Fertilizer,390000,240000,124800000,20000,124780000
1/11/2022,Urea Fertilizer,90000,220000,28800000,20000,28780000
1/11/2022,Urea Fertilizer,90000,110000,28800000,20000,28780000
1/11/2022,Urea Fertilizer,450000,185000,144000000,20000,143980000
1/11/2022,Urea Fertilizer,90000,110000,28800000,20000,28780000
1/11/2022,Urea Fertilizer,600000,220000,192000000,20000,191980000
1/11/2022,Urea Fertilizer,90000,110000,28800000,20000,28780000
1/11/2022,Urea Fertilizer,600000,190000,192000000,20000,191980000
1/11/2022,Urea Fertilizer,90000,190000,28800000,20000,28780000
1/11/2022,Urea Fertilizer,600000,240000,192000000,20000,191980000
1/11/2022,Urea Fertilizer,500000,190000,160000000,20000,159980000
1/11/2022,Urea Fertilizer,600000,110000,192000000,20000,191980000
1/11/2022,Urea Fertilizer,90000,180000,28800000,20000,28780000
1/11/2022,Urea Fertilizer,630000,300000,201600000,20000,201580000
1/11/2022,Urea Fertilizer,90000,185000,28800000,20000,28780000
1/11/2022,,90000,340000,0,20000,-20000
1/10/2022,Cooking Gas,100000,190000,1969000,80000,1889000
1/10/2022,Cooking Gas,400000,240000,7876000,80000,7796000
1/10/2022,Engine oil,300000,240000,354000,20000,334000
1/10/2022,Engine oil,77000,340000,90860,20000,70860
1/10/2022,Engine oil,600000,180000,708000,20000,688000
1/10/2022,Engine oil,540000,310000,637200,20000,617200
1/10/2022,Engine oil,100000,155000,118000,20000,98000
1/10/2022,Engine oil,400000,190000,472000,20000,452000
1/10/2022,Engine oil,540000,240000,637200,20000,617200
1/10/2022,Engine oil,100000,190000,118000,20000,98000
1/10/2022,Engine oil,540000,340000,637200,20000,617200
1/10/2022,Engine oil,400000,180000,472000,20000,452000
1/10/2022,Engine oil,540000,300000,637200,20000,617200
1/10/2022,Kerosene,540000,190000,637200,20000,617200
1/10/2022,Kerosene,400000,110000,472000,20000,452000
1/10/2022,Kerosene,400000,240000,472000,20000,452000
1/10/2022,Kerosene,400000,155000,472000,20000,452000
1/10/2022,Kerosene,540000,110000,637200,20000,617200
1/10/2022,Kerosene,400000,180000,472000,20000,452000
1/10/2022,Kerosene,540000,300000,637200,20000,617200
1/10/2022,PMS,500000,310000,1570000,20000,1550000
1/10/2022,Premium Motor Spirit,400000,300000,1256000,20000,1236000
1/10/2022,Premium Motor Spirit,540000,220000,1695600,20000,1675600
1/9/2022,Cooking Gas,150000,220000,2953500,80000,2873500
1/9/2022,Cooking Gas,300000,185000,5907000,80000,5827000
1/9/2022,Cooking Gas,400000,160000,7876000,80000,7796000
1/9/2022,Diesel,37000,240000,43660,20000,23660
1/9/2022,Engine oil,29000,160000,34220,20000,14220
1/9/2022,Engine oil,190000,110000,224200,20000,204200
1/9/2022,Engine oil,45000,185000,53100,20000,33100
1/9/2022,Engine oil,41000,190000,48380,20000,28380
1/9/2022,Engine oil,21000,155000,24780,20000,4780
1/9/2022,Kerosene,25000,220000,29500,20000,9500
1/9/2022,Kerosene,80000,190000,94400,20000,74400
1/9/2022,Kerosene,150000,180000,177000,20000,157000
1/9/2022,Kerosene,190000,300000,224200,20000,204200
1/9/2022,Kerosene,21000,310000,24780,20000,4780
1/9/2022,Kerosene,80000,300000,94400,20000,74400
1/9/2022,Kerosene,83900,160000,99002,20000,79002
1/9/2022,Kerosene,190000,190000,224200,20000,204200
1/9/2022,Kerosene,33000,190000,38940,20000,18940
1/9/2022,Kerosene,80000,240000,94400,20000,74400
1/9/2022,Kerosene,150000,180000,177000,20000,157000
1/9/2022,Kerosene,19000,300000,22420,20000,2420
1/9/2022,Kerosene,29000,310000,34220,20000,14220
1/9/2022,Kerosene,25000,155000,29500,20000,9500
1/9/2022,Kerosene,80000,110000,94400,20000,74400
1/9/2022,Kerosene,83900,180000,99002,20000,79002
1/9/2022,Kerosene,150000,300000,177000,20000,157000
1/9/2022,Kerosene,190000,310000,224200,20000,204200
1/9/2022,Kerosene,540000,110000,637200,20000,617200
1/9/2022,Kerosene,77000,190000,90860,20000,70860
1/9/2022,Lub,150000,155000,171000,20000,151000
1/9/2022,Lubricant,83900,240000,95646,20000,75646
1/9/2022,Premium Motor Spirit,600000,300000,1884000,20000,1864000
1/9/2022,Urea Fertilizer,540000,220000,172800000,20000,172780000
1/9/2022,,83900,340000,0,20000,-20000
1/8/2022,Brake oil,57000,180000,4189500,82000,4107500
1/8/2022,CNG,80000,300000,232800,50000,182800
1/8/2022,Cooking Gas,190000,155000,3741100,80000,3661100
1/8/2022,Cooking Gas,190000,400000,3741100,80000,3661100
1/8/2022,Cooking Gas,150000,110000,2953500,80000,2873500
1/8/2022,Cooking Gas,61000,340000,1201090,80000,1121090
1/8/2022,Cooking Gas,83900,160000,1651991,80000,1571991
1/8/2022,Diesel,150000,310000,177000,20000,157000
1/8/2022,Diesel,80000,160000,94400,20000,74400
1/8/2022,Engine oil,77000,180000,90860,20000,70860
1/8/2022,Engine oil,73000,300000,86140,20000,66140
1/8/2022,Engine oil,80000,320000,94400,20000,74400
1/8/2022,Engine oil,83900,155000,99002,20000,79002
1/8/2022,Engine oil,190000,110000,224200,20000,204200
1/8/2022,Engine oil,53000,185000,62540,20000,42540
1/8/2022,Engine oil,150000,190000,177000,20000,157000
1/8/2022,Kerosene,100000,180000,118000,20000,98000
1/8/2022,Kerosene,104000,300000,122720,20000,102720
1/8/2022,Kerosene,80000,185000,94400,20000,74400
1/8/2022,Kerosene,150000,190000,177000,20000,157000
1/8/2022,Kerosene,190001,185000,224201.18,20000,204201.18
1/8/2022,Kerosene,65000,300000,76700,20000,56700
1/8/2022,Kerosene,83900,310000,99002,20000,79002
1/8/2022,Kerosene,150000,220000,177000,20000,157000
1/8/2022,Kerosene,190000,190000,224200,20000,204200
1/8/2022,Kerosene,45000,240000,53100,20000,33100
1/8/2022,Kerosene,41000,190000,48380,20000,28380
1/8/2022,Kerosene,80000,240000,94400,20000,74400
1/8/2022,Kerosene,83900,340000,99002,20000,79002
1/8/2022,Kerosene,150000,180000,177000,20000,157000
1/8/2022,Kerosene,190000,300000,224200,20000,204200
1/8/2022,Kerosene,37000,310000,43660,20000,23660
1/8/2022,Kerosene,33000,155000,38940,20000,18940
1/8/2022,Kerosene,80000,110000,94400,20000,74400
1/8/2022,Kerosene,83900,185000,99002,20000,79002
1/8/2022,Kerosene,19000,300000,22420,20000,2420
1/8/2022,Light PMS,77000,190000,241780,20000,221780
1/8/2022,Motor oil,80000,300000,91200,20000,71200
1/8/2022,PMS,150000,155000,471000,20000,451000
1/8/2022,Premium Motor Spirit,83900,220000,263446,20000,243446
1/8/2022,Premium Motor Spirit,150000,190000,471000,20000,451000
1/8/2022,Urea Fertilizer,69000,200000,22080000,20000,22060000
1/8/2022,Urea Fertilizer,83900,220000,26848000,20000,26828000
1/8/2022,Urea Fertilizer,190000,240000,60800000,20000,60780000
1/8/2022,Urea Fertilizer,49000,190000,15680000,20000,15660000
1/7/2022,Engine oil,400000,185000,472000,20000,452000
1/7/2022,Engine oil,150000,220000,177000,20000,157000
1/7/2022,Engine oil,100000,240000,118000,20000,98000
1/7/2022,Engine oil,104000,190000,122720,20000,102720
1/7/2022,Engine oil,190000,240000,224200,20000,204200
1/7/2022,Kerosene,150000,240000,177000,20000,157000
1/7/2022,Kerosene,80000,180000,94400,20000,74400
1/7/2022,Kerosene,83900,300000,99002,20000,79002
1/7/2022,Kerosene,100000,310000,118000,20000,98000
1/7/2022,Kerosene,400000,155000,472000,20000,452000
1/7/2022,Kerosene,180000,185000,212400,20000,192400
1/7/2022,Kerosene,100000,220000,118000,20000,98000
1/7/2022,Kerosene,104000,190000,122720,20000,102720
1/7/2022,Kerosene,150000,340000,177000,20000,157000
1/7/2022,Kerosene,190000,180000,224200,20000,204200
1/7/2022,Kerosene,77000,300000,90860,20000,70860
1/7/2022,Kerosene,80000,310000,94400,20000,74400
1/7/2022,Kerosene,83900,155000,99002,20000,79002
1/7/2022,Kerosene,560000,110000,660800,20000,640800
1/7/2022,Kerosene,100000,185000,118000,20000,98000
1/7/2022,Kerosene,400000,220000,472000,20000,452000
1/7/2022,Kerosene,150000,190000,177000,20000,157000
1/7/2022,Kerosene,180000,340000,212400,20000,192400
1/7/2022,Lubricant,150000,110000,171000,20000,151000
1/7/2022,Premium Motor Spirit,560000,240000,1758400,20000,1738400
1/7/2022,Premium Motor Spirit,100000,110000,314000,20000,294000
1/7/2022,Premium Motor Spirit,180000,190000,565200,20000,545200
1/7/2022,Premium Motor Spirit,77000,340000,241780,20000,221780
1/6/2022,Aviation Fuel,940000,240000,78678000,86000,78592000
1/6/2022,Aviation Fuel,104000,110000,8704800,86000,8618800
1/6/2022,Brake oil,100000,155000,7350000,82000,7268000
1/6/2022,CNG,15000,185000,43650,50000,-6350
1/6/2022,CNG,77000,190000,224070,50000,174070
1/6/2022,Cooking Gas,104000,110000,2047760,80000,1967760
1/6/2022,Cooking Gas,104000,220000,2047760,80000,1967760
1/6/2022,Cooking Gas,100000,340000,1969000,80000,1889000
1/6/2022,Cooking Gas,400000,180000,7876000,80000,7796000
1/6/2022,Engine oil,73000,340000,86140,20000,66140
1/6/2022,Engine oil,100000,190000,118000,20000,98000
1/6/2022,Engine oil,150000,155000,177000,20000,157000
1/6/2022,Engine oil,77000,190000,90860,20000,70860
1/6/2022,Engine oil,80000,240000,94400,20000,74400
1/6/2022,Kerosene,83900,190000,99002,20000,79002
1/6/2022,Kerosene,87360,240000,103084.8,20000,83084.8
1/6/2022,Kerosene,97000,190000,114460,20000,94460
1/6/2022,Kerosene,97000,240000,114460,20000,94460
1/6/2022,Kerosene,100000,340000,118000,20000,98000
1/6/2022,Kerosene,104000,180000,122720,20000,102720
1/6/2022,Kerosene,150000,300000,177000,20000,157000
1/6/2022,Kerosene,180000,310000,212400,20000,192400
1/6/2022,Kerosene,100000,155000,118000,20000,98000
1/6/2022,Kerosene,77000,180000,90860,20000,70860
1/6/2022,Kerosene,80000,300000,94400,20000,74400
1/6/2022,Kerosene,83900,310000,99002,20000,79002
1/6/2022,Kerosene,400000,155000,472000,20000,452000
1/6/2022,Kerosene,450000,110000,531000,20000,511000
1/6/2022,Kerosene,400000,185000,472000,20000,452000
1/6/2022,Kerosene,560000,220000,660800,20000,640800
1/6/2022,Kerosene,400000,340000,472000,20000,452000
1/6/2022,Kerosene,150000,180000,177000,20000,157000
1/6/2022,Kerosene,180000,300000,212400,20000,192400
1/6/2022,Kerosene,100000,310000,118000,20000,98000
1/6/2022,Kerosene,104000,155000,122720,20000,102720
1/6/2022,Kerosene,150000,110000,177000,20000,157000
1/6/2022,Kerosene,190000,185000,224200,20000,204200
1/6/2022,Kerosene,77000,220000,90860,20000,70860
1/6/2022,Kerosene,80000,190000,94400,20000,74400
1/6/2022,Kerosene,83900,340000,99002,20000,79002
1/6/2022,Kerosene,560000,180000,660800,20000,640800
1/6/2022,Kerosene,100000,300000,118000,20000,98000
1/6/2022,Kerosene,400000,310000,472000,20000,452000
1/6/2022,Kerosene,180000,110000,212400,20000,192400
1/6/2022,Kerosene,100000,185000,118000,20000,98000
1/6/2022,Kerosene,150000,190000,177000,20000,157000
1/6/2022,Kerosene,190000,240000,224200,20000,204200
1/6/2022,Kerosene,150000,300000,177000,20000,157000
1/6/2022,Kerosene,150000,185000,177000,20000,157000
1/6/2022,Kerosene,77000,190000,90860,20000,70860
1/6/2022,Light PMS,80000,240000,251200,20000,231200
1/6/2022,Motor oil,83900,190000,95646,20000,75646
1/6/2022,PMS,600000,185000,1884000,20000,1864000
1/6/2022,PMS,180000,155000,565200,20000,545200
1/6/2022,Premium Motor Spirit,83900,240000,263446,20000,243446
1/6/2022,Premium Motor Spirit,190000,220000,596600,20000,576600
1/5/2022,Aviation Fuel,500000,220000,41850000,86000,41764000
1/5/2022,CNG,150000,220000,436500,50000,386500
1/5/2022,CNG,19000,190000,55290,50000,5290
1/5/2022,CNG,73000,190000,212430,50000,162430
1/5/2022,CNG,500000,240000,1455000,50000,1405000
1/5/2022,Cooking Gas,500000,310000,9845000,80000,9765000
1/5/2022,Cooking Gas,570000,240000,11223300,80000,11143300
1/5/2022,Cooking Gas,150000,240000,2953500,80000,2873500
1/5/2022,Cooking Gas,80000,220000,1575200,80000,1495200
1/5/2022,Engine oil,104000,185000,122720,20000,102720
1/5/2022,Engine oil,77000,240000,90860,20000,70860
1/5/2022,Engine oil,97000,300000,114460,20000,94460
1/5/2022,Engine oil,120000,190000,141600,20000,121600
1/5/2022,Kerosene,400000,300000,472000,20000,452000
1/5/2022,Kerosene,180000,155000,212400,20000,192400
1/5/2022,Kerosene,100000,110000,118000,20000,98000
1/5/2022,Kerosene,87300,180000,103014,20000,83014
1/5/2022,Kerosene,94000,310000,110920,20000,90920
1/5/2022,Kerosene,97000,155000,114460,20000,94460
1/5/2022,Kerosene,100000,110000,118000,20000,98000
1/5/2022,Kerosene,10400,185000,12272,20000,-7728
1/5/2022,Kerosene,77000,185000,90860,20000,70860
1/5/2022,Lubricant,400000,180000,456000,20000,436000
1/5/2022,Motor oil,190000,110000,216600,20000,196600
1/5/2022,PMS,600000,110000,1884000,20000,1864000
1/5/2022,Premium Motor Spirit,390000,340000,1224600,20000,1204600
1/5/2022,Premium Motor Spirit,630000,190000,1978200,20000,1958200
1/4/2022,Cooking Gas,180001,180000,3544219.69,80000,3464219.69
1/4/2022,Cooking Gas,180002,310000,3544239.38,80000,3464239.38
1/4/2022,Diesel,180000,190000,212400,20000,192400
1/4/2022,Diesel,400000,240000,472000,20000,452000
1/4/2022,Diesel,150000,340000,177000,20000,157000
1/4/2022,Diesel,360001,300000,424801.18,20000,404801.18
1/4/2022,Engine oil,150000,300000,177000,20000,157000
1/4/2022,Engine oil,180000,310000,212400,20000,192400
1/4/2022,Engine oil,600000,220000,708000,20000,688000
1/4/2022,Engine oil,500000,110000,590000,20000,570000
1/4/2022,Engine oil,400000,185000,472000,20000,452000
1/4/2022,Engine oil,180003,155000,212403.54,20000,192403.54
1/4/2022,Engine oil,636000,185000,750480,20000,730480
1/4/2022,Engine oil,600000,220000,708000,20000,688000
1/4/2022,Kerosene,400000,310000,472000,20000,452000
1/4/2022,Kerosene,600000,155000,708000,20000,688000
1/4/2022,Kerosene,100000,110000,118000,20000,98000
1/4/2022,Kerosene,150000,220000,177000,20000,157000
1/4/2022,Kerosene,500000,190000,590000,20000,570000
1/4/2022,Kerosene,600000,240000,708000,20000,688000
1/4/2022,Kerosene,100000,340000,118000,20000,98000
1/4/2022,Kerosene,104000,180000,122720,20000,102720
1/4/2022,Kerosene,100000,155000,118000,20000,98000
1/4/2022,Kerosene,500000,110000,590000,20000,570000
1/4/2022,Kerosene,100000,190000,118000,20000,98000
1/4/2022,Kerosene,104000,240000,122720,20000,102720
1/4/2022,Kerosene,150000,190000,177000,20000,157000
1/4/2022,Kerosene,180000,240000,212400,20000,192400
1/4/2022,Kerosene,360000,110000,424800,20000,404800
1/4/2022,Kerosene,180001,185000,212401.18,20000,192401.18
1/4/2022,Kerosene,100000,220000,118000,20000,98000
1/4/2022,Kerosene,500000,190000,590000,20000,570000
1/4/2022,Kerosene,400000,240000,472000,20000,452000
1/4/2022,Kerosene,600000,190000,708000,20000,688000
1/4/2022,Kerosene,100000,240000,118000,20000,98000
1/4/2022,Kerosene,104000,240000,122720,20000,102720
1/4/2022,Kerosene,100000,155000,118000,20000,98000
1/4/2022,Kerosene,600000,220000,708000,20000,688000
1/4/2022,Kerosene,100000,190000,118000,20000,98000
1/4/2022,Kerosene,104000,340000,122720,20000,102720
1/4/2022,Kerosene,150000,180000,177000,20000,157000
1/4/2022,Kerosene,180002,300000,212402.36,20000,192402.36
1/4/2022,Kerosene,360002,310000,424802.36,20000,404802.36
1/4/2022,Kerosene,600000,190000,708000,20000,688000
1/4/2022,Kerosene,100000,340000,118000,20000,98000
1/4/2022,Kerosene,180003,310000,212403.54,20000,192403.54
1/4/2022,Kerosene,360003,155000,424803.54,20000,404803.54
1/4/2022,LPG,100000,240000,314000,20000,294000
1/4/2022,Lubricant,400000,190000,456000,20000,436000
1/4/2022,Lubricant,600000,340000,684000,20000,664000
1/4/2022,PMS,100000,310000,314000,20000,294000
1/4/2022,Premium Motor Spirit,104000,185000,326560,20000,306560
1/4/2022,Premium Motor Spirit,400000,220000,1256000,20000,1236000
1/4/2022,Premium Motor Spirit,104000,180000,326560,20000,306560
1/4/2022,Premium Motor Spirit,150000,300000,471000,20000,451000
1/4/2022,Urea Fertilizer,400000,185000,128000000,20000,127980000
1/4/2022,Urea Fertilizer,500000,185000,160000000,20000,159980000
1/4/2022,Urea Fertilizer,390000,110000,124800000,20000,124780000
1/3/2022,Aviation Fuel,390000,155000,32643000,86000,32557000
1/3/2022,Aviation Fuel,104000,110000,8704800,86000,8618800
1/3/2022,Black oil,600000,180000,44100000,82000,44018000
1/3/2022,Brake oil,600000,240000,44100000,82000,44018000
1/3/2022,Brake oil,100000,155000,7350000,82000,7268000
1/3/2022,Cooking Gas,500000,180000,9845000,80000,9765000
1/3/2022,Cooking Gas,630000,310000,12404700,80000,12324700
1/3/2022,Cooking Gas,570000,220000,11223300,80000,11143300
1/3/2022,Cooking Gas,500000,190000,9845000,80000,9765000
1/3/2022,Cooking Gas,650000,155000,12798500,80000,12718500
1/3/2022,Cooking Gas,500000,185000,9845000,80000,9765000
1/3/2022,Cooking Gas,300000,240000,5907000,80000,5827000
1/3/2022,Cooking Gas,180000,240000,3544200,80000,3464200
1/3/2022,Cooking Gas,645000,190000,12700050,80000,12620050
1/3/2022,Cooking Gas,650000,340000,12798500,80000,12718500
1/3/2022,Cooking Gas,104000,180000,2047760,80000,1967760
1/3/2022,Cooking Gas,150000,300000,2953500,80000,2873500
1/3/2022,Cooking Gas,180000,310000,3544200,80000,3464200
1/3/2022,Cooking Gas,180000,340000,3544200,80000,3464200
1/3/2022,Diesel,500000,190000,590000,20000,570000
1/3/2022,Diesel,639000,110000,754020,20000,734020
1/3/2022,Diesel,645000,180000,761100,20000,741100
1/3/2022,Diesel,645000,190000,761100,20000,741100
1/3/2022,Diesel,390000,190000,460200,20000,440200
1/3/2022,Diesel,645000,240000,761100,20000,741100
1/3/2022,Diesel,500000,300000,590000,20000,570000
1/3/2022,Engine oil,200000,190000,236000,20000,216000
1/3/2022,Engine oil,100000,240000,118000,20000,98000
1/3/2022,Engine oil,100000,110000,118000,20000,98000
1/3/2022,Engine oil,600000,180000,708000,20000,688000
1/3/2022,Engine oil,200000,310000,236000,20000,216000
1/3/2022,Engine oil,100000,110000,118000,20000,98000
1/3/2022,Engine oil,500000,220000,590000,20000,570000
1/3/2022,Engine oil,100000,340000,118000,20000,98000
1/3/2022,Engine oil,20000,155000,23600,20000,3600
1/3/2022,Engine oil,200000,340000,236000,20000,216000
1/3/2022,Engine oil,80000,155000,94400,20000,74400
1/3/2022,Engine oil,400000,240000,472000,20000,452000
1/3/2022,Engine oil,180000,340000,212400,20000,192400
1/3/2022,Engine oil,600000,110000,708000,20000,688000
1/3/2022,Engine oil,390000,220000,460200,20000,440200
1/3/2022,Engine oil,645000,240000,761100,20000,741100
1/3/2022,Engine oil,600000,185000,708000,20000,688000
1/3/2022,Engine oil,500000,220000,590000,20000,570000
1/3/2022,Engine oil,150000,185000,177000,20000,157000
1/3/2022,Engine oil,400000,155000,472000,20000,452000
1/3/2022,Engine oil,100000,185000,118000,20000,98000
1/3/2022,Kerosene,500000,240000,590000,20000,570000
1/3/2022,Kerosene,100000,240000,118000,20000,98000
1/3/2022,Kerosene,200000,300000,236000,20000,216000
1/3/2022,Kerosene,100000,310000,118000,20000,98000
1/3/2022,Kerosene,500000,185000,590000,20000,570000
1/3/2022,Kerosene,20000,220000,23600,20000,3600
1/3/2022,Kerosene,500000,340000,590000,20000,570000
1/3/2022,Kerosene,500000,300000,590000,20000,570000
1/3/2022,Kerosene,200000,185000,236000,20000,216000
1/3/2022,Kerosene,200000,190000,236000,20000,216000
1/3/2022,Kerosene,500000,180000,590000,20000,570000
1/3/2022,Kerosene,100000,300000,118000,20000,98000
1/3/2022,Kerosene,600000,220000,708000,20000,688000
1/3/2022,Kerosene,30000,300000,35400,20000,15400
1/3/2022,Kerosene,300000,310000,354000,20000,334000
1/3/2022,Kerosene,180000,190000,212400,20000,192400
1/3/2022,Kerosene,390000,310000,460200,20000,440200
1/3/2022,Kerosene,600000,185000,708000,20000,688000
1/3/2022,Kerosene,500000,190000,590000,20000,570000
1/3/2022,Kerosene,100000,340000,118000,20000,98000
1/3/2022,Kerosene,390000,180000,460200,20000,440200
1/3/2022,Kerosene,360000,300000,424800,20000,404800
1/3/2022,Kerosene,500000,310000,590000,20000,570000
1/3/2022,Kerosene,600000,110000,708000,20000,688000
1/3/2022,Kerosene,104000,220000,122720,20000,102720
1/3/2022,Light PMS,500000,310000,1570000,20000,1550000
1/3/2022,Light PMS,640000,155000,2009600,20000,1989600
1/3/2022,Light PMS,360000,110000,1130400,20000,1110400
1/3/2022,Light PMS,600000,185000,1884000,20000,1864000
1/3/2022,LPG,600000,190000,1884000,20000,1864000
1/3/2022,Lub,100000,180000,114000,20000,94000
1/3/2022,Motor oil,300000,240000,342000,20000,322000
1/3/2022,PMS,473600,310000,1487104,20000,1467104
1/3/2022,Premium Motor Spirit,200000,340000,628000,20000,608000
1/3/2022,Premium Motor Spirit,500000,310000,1570000,20000,1550000
1/3/2022,Premium Motor Spirit,500000,110000,1570000,20000,1550000
1/3/2022,Premium Motor Spirit,500000,190000,1570000,20000,1550000
1/3/2022,Premium Motor Spirit,650000,240000,2041000,20000,2021000
1/3/2022,Premium Motor Spirit,645000,300000,2025300,20000,2005300
1/3/2022,Premium Motor Spirit,650000,110000,2041000,20000,2021000
1/3/2022,Premium Motor Spirit,400000,220000,1256000,20000,1236000
1/3/2022,Premium Motor Spirit,190000,220000,596600,20000,576600
1/3/2022,Premium Motor Spirit,150000,190000,471000,20000,451000
1/3/2022,Urea Fertilizer,100000,155000,32000000,20000,31980000
1/3/2022,Urea Fertilizer,500000,185000,160000000,20000,159980000
1/3/2022,Urea Fertilizer,500000,300000,160000000,20000,159980000
1/3/2022,Urea Fertilizer,100000,180000,32000000,20000,31980000
1/2/2022,Black oil,100000,310000,7350000,82000,7268000
1/2/2022,Black oil,200000,110000,14700000,82000,14618000
1/2/2022,CNG,500000,240000,1455000,50000,1405000
1/2/2022,Cooking Gas,100000,185000,1969000,80000,1889000
1/2/2022,Cooking Gas,500000,240000,9845000,80000,9765000
1/2/2022,Diesel,600000,340000,708000,20000,688000
1/2/2022,Diesel,20000,220000,23600,20000,3600
1/2/2022,Diesel,500000,240000,590000,20000,570000
1/2/2022,Diesel,500000,190000,590000,20000,570000
1/2/2022,Diesel,100000,180000,118000,20000,98000
1/2/2022,Diesel,600000,340000,708000,20000,688000
1/2/2022,Engine oil,500000,240000,590000,20000,570000
1/2/2022,Engine oil,500000,340000,590000,20000,570000
1/2/2022,Engine oil,200000,340000,236000,20000,216000
1/2/2022,Engine oil,200000,300000,236000,20000,216000
1/2/2022,Engine oil,500000,155000,590000,20000,570000
1/2/2022,Engine oil,100000,240000,118000,20000,98000
1/2/2022,Engine oil,500000,300000,590000,20000,570000
1/2/2022,Engine oil,200000,300000,236000,20000,216000
1/2/2022,Engine oil,100000,310000,118000,20000,98000
1/2/2022,Engine oil,200000,155000,236000,20000,216000
1/2/2022,Engine oil,200000,300000,236000,20000,216000
1/2/2022,Engine oil,500000,155000,590000,20000,570000
1/2/2022,Engine oil,100000,110000,118000,20000,98000
1/2/2022,Engine oil,500000,240000,590000,20000,570000
1/2/2022,Engine oil,100000,180000,118000,20000,98000
1/2/2022,Engine oil,200000,300000,236000,20000,216000
1/2/2022,Engine oil,200000,185000,236000,20000,216000
1/2/2022,Engine oil,500000,180000,590000,20000,570000
1/2/2022,Engine oil,600000,300000,708000,20000,688000
1/2/2022,Engine oil,500000,310000,590000,20000,570000
1/2/2022,Engine oil,100000,110000,118000,20000,98000
1/2/2022,Engine oil,500000,190000,590000,20000,570000
1/2/2022,Engine oil,100000,190000,118000,20000,98000
1/2/2022,Engine oil,500000,240000,590000,20000,570000
1/2/2022,Engine oil,500000,155000,590000,20000,570000
1/2/2022,Engine oil,500000,240000,590000,20000,570000
1/2/2022,Engine oil,200000,340000,236000,20000,216000
1/2/2022,Engine oil,200000,310000,236000,20000,216000
1/2/2022,Engine oil,500000,220000,590000,20000,570000
1/2/2022,Engine oil,500000,185000,590000,20000,570000
1/2/2022,Engine oil,100000,190000,118000,20000,98000
1/2/2022,Engine oil,100000,190000,118000,20000,98000
1/2/2022,Engine oil,500000,240000,590000,20000,570000
1/2/2022,Kerosene,500000,190000,590000,20000,570000
1/2/2022,Kerosene,600000,240000,708000,20000,688000
1/2/2022,Kerosene,600000,310000,708000,20000,688000
1/2/2022,Kerosene,500000,155000,590000,20000,570000
1/2/2022,Kerosene,100000,240000,118000,20000,98000
1/2/2022,Kerosene,100000,310000,118000,20000,98000
1/2/2022,Kerosene,500000,340000,590000,20000,570000
1/2/2022,Kerosene,500000,310000,590000,20000,570000
1/2/2022,Kerosene,100000,180000,118000,20000,98000
1/2/2022,Kerosene,500000,180000,590000,20000,570000
1/2/2022,Kerosene,100000,310000,118000,20000,98000
1/2/2022,Kerosene,600000,190000,708000,20000,688000
1/2/2022,Kerosene,200000,155000,236000,20000,216000
1/2/2022,Kerosene,500000,110000,590000,20000,570000
1/2/2022,Kerosene,500000,190000,590000,20000,570000
1/2/2022,Kerosene,20000,240000,23600,20000,3600
1/2/2022,Kerosene,500000,340000,590000,20000,570000
1/2/2022,Kerosene,200000,155000,236000,20000,216000
1/2/2022,Kerosene,200000,220000,236000,20000,216000
1/2/2022,Kerosene,100000,340000,118000,20000,98000
1/2/2022,Kerosene,500000,180000,590000,20000,570000
1/2/2022,Kerosene,20000,300000,23600,20000,3600
1/2/2022,Kerosene,100000,300000,118000,20000,98000
1/2/2022,Kerosene,500000,155000,590000,20000,570000
1/2/2022,Kerosene,200000,110000,236000,20000,216000
1/2/2022,Kerosene,100000,185000,118000,20000,98000
1/2/2022,Kerosene,100000,190000,118000,20000,98000
1/2/2022,Kerosene,500000,240000,590000,20000,570000
1/2/2022,Kerosene,20000,190000,23600,20000,3600
1/2/2022,Kerosene,500000,240000,590000,20000,570000
1/2/2022,Kerosene,500000,180000,590000,20000,570000
1/2/2022,Kerosene,200000,300000,236000,20000,216000
1/2/2022,Kerosene,100000,155000,118000,20000,98000
1/2/2022,Kerosene,200000,220000,236000,20000,216000
1/2/2022,Kerosene,20000,110000,23600,20000,3600
1/2/2022,Kerosene,500000,185000,590000,20000,570000
1/2/2022,Kerosene,500000,220000,590000,20000,570000
1/2/2022,Kerosene,600000,190000,708000,20000,688000
1/2/2022,Lubricant,100000,155000,114000,20000,94000
1/2/2022,PMS,500000,300000,1570000,20000,1550000
1/2/2022,Premium Motor Spirit,200000,180000,628000,20000,608000
1/2/2022,Premium Motor Spirit,200000,110000,628000,20000,608000
1/2/2022,Premium Motor Spirit,500000,180000,1570000,20000,1550000
1/2/2022,Premium Motor Spirit,200000,340000,628000,20000,608000
1/2/2022,Premium Motor Spirit,500000,185000,1570000,20000,1550000
1/2/2022,Premium Motor Spirit,500000,190000,1570000,20000,1550000
1/2/2022,Premium Motor Spirit,100000,240000,314000,20000,294000
1/2/2022,Premium Motor Spirit,100000,310000,314000,20000,294000
1/2/2022,Premium Motor Spirit,500000,240000,1570000,20000,1550000
1/2/2022,Urea Fertilizer,100000,300000,32000000,20000,31980000
1/2/2022,Urea Fertilizer,20000,180000,6400000,20000,6380000
1/2/2022,Urea Fertilizer,200000,340000,64000000,20000,63980000
1/2/2022,Urea Fertilizer,200000,240000,64000000,20000,63980000
1/2/2022,Urea Fertilizer,600000,110000,192000000,20000,191980000
1/1/2022,Aviation Fuel,500000,180000,41850000,86000,41764000
1/1/2022,Cooking Gas,200000,190000,3938000,80000,3858000
1/1/2022,Cooking Gas,100000,110000,1969000,80000,1889000
1/1/2022,Cooking Gas,100000,300000,1969000,80000,1889000
1/1/2022,Cooking Gas,500000,110000,9845000,80000,9765000
1/1/2022,Cooking Gas,600000,300000,11814000,80000,11734000
1/1/2022,Cooking Gas,500000,240000,9845000,80000,9765000
1/1/2022,Cooking Gas,100000,310000,1969000,80000,1889000
1/1/2022,Cooking Gas,100000,160000,1969000,80000,1889000
1/1/2022,Cooking Gas,500000,300000,9845000,80000,9765000
1/1/2022,Cooking Gas,500000,310000,9845000,80000,9765000
1/1/2022,Cooking Gas,500000,310000,9845000,80000,9765000
1/1/2022,Cooking Gas,200000,155000,3938000,80000,3858000
1/1/2022,Diesel,500000,300000,590000,20000,570000
1/1/2022,Diesel,600000,340000,708000,20000,688000
1/1/2022,Diesel,100000,190000,118000,20000,98000
1/1/2022,Diesel,500000,340000,590000,20000,570000
1/1/2022,Diesel,200000,310000,236000,20000,216000
1/1/2022,Engine oil,500000,310000,590000,20000,570000
1/1/2022,Engine oil,100000,310000,118000,20000,98000
1/1/2022,Engine oil,500000,300000,590000,20000,570000
1/1/2022,Engine oil,200000,340000,236000,20000,216000
1/1/2022,Engine oil,200000,190000,236000,20000,216000
1/1/2022,Engine oil,500000,300000,590000,20000,570000
1/1/2022,Engine oil,500000,160000,590000,20000,570000
1/1/2022,Engine oil,200000,240000,236000,20000,216000
1/1/2022,Engine oil,500000,340000,590000,20000,570000
1/1/2022,Engine oil,100000,155000,118000,20000,98000
1/1/2022,Engine oil,200000,190000,236000,20000,216000
1/1/2022,Engine oil,100000,240000,118000,20000,98000
1/1/2022,Engine oil,200000,185000,236000,20000,216000
1/1/2022,Engine oil,500000,190000,590000,20000,570000
1/1/2022,Engine oil,500000,340000,590000,20000,570000
1/1/2022,Engine oil,500000,300000,590000,20000,570000
1/1/2022,Engine oil,600000,110000,708000,20000,688000
1/1/2022,Engine oil,200000,155000,236000,20000,216000
1/1/2022,Engine oil,500000,300000,590000,20000,570000
1/1/2022,Engine oil,500000,220000,590000,20000,570000
1/1/2022,Engine oil,600000,240000,708000,20000,688000
1/1/2022,Engine oil,500000,110000,590000,20000,570000
1/1/2022,Engine oil,600000,180000,708000,20000,688000
1/1/2022,Engine oil,200000,310000,236000,20000,216000
1/1/2022,Engine oil,100000,155000,118000,20000,98000
1/1/2022,Engine oil,600000,110000,708000,20000,688000
1/1/2022,Engine oil,500000,185000,590000,20000,570000
1/1/2022,Engine oil,500000,190000,590000,20000,570000
1/1/2022,Engine oil,20000,155000,23600,20000,3600
1/1/2022,Engine oil,600000,185000,708000,20000,688000
1/1/2022,Engine oil,100000,185000,118000,20000,98000
1/1/2022,Engine oil,20000,190000,23600,20000,3600
1/1/2022,Kerosene,200000,240000,236000,20000,216000
1/1/2022,Kerosene,100000,340000,118000,20000,98000
1/1/2022,Kerosene,500000,310000,590000,20000,570000
1/1/2022,Kerosene,500000,340000,590000,20000,570000
1/1/2022,Kerosene,200000,310000,236000,20000,216000
1/1/2022,Kerosene,600000,190000,708000,20000,688000
1/1/2022,Kerosene,500000,190000,590000,20000,570000
1/1/2022,Kerosene,100000,240000,118000,20000,98000
1/1/2022,Kerosene,100000,300000,118000,20000,98000
1/1/2022,Kerosene,500000,310000,590000,20000,570000
1/1/2022,Kerosene,100000,190000,118000,20000,98000
1/1/2022,Kerosene,200000,300000,236000,20000,216000
1/1/2022,Kerosene,500000,240000,590000,20000,570000
1/1/2022,Kerosene,200000,190000,236000,20000,216000
1/1/2022,Kerosene,500000,240000,590000,20000,570000
1/1/2022,Kerosene,500000,240000,590000,20000,570000
1/1/2022,Kerosene,500000,300000,590000,20000,570000
1/1/2022,Kerosene,200000,110000,236000,20000,216000
1/1/2022,Kerosene,500000,300000,590000,20000,570000
1/1/2022,Kerosene,200000,220000,236000,20000,216000
1/1/2022,Kerosene,100000,310000,118000,20000,98000
1/1/2022,Kerosene,200000,185000,236000,20000,216000
1/1/2022,Kerosene,100000,340000,118000,20000,98000
1/1/2022,Kerosene,500000,310000,590000,20000,570000
1/1/2022,Kerosene,100000,185000,118000,20000,98000
1/1/2022,Kerosene,200000,190000,236000,20000,216000
1/1/2022,Kerosene,500000,155000,590000,20000,570000
1/1/2022,Kerosene,600000,185000,708000,20000,688000
1/1/2022,Kerosene,200000,220000,236000,20000,216000
1/1/2022,Kerosene,200000,240000,236000,20000,216000
1/1/2022,Kerosene,500000,220000,590000,20000,570000
1/1/2022,Kerosene,200000,240000,236000,20000,216000
1/1/2022,Kerosene,100000,340000,118000,20000,98000
1/1/2022,Kerosene,500000,310000,590000,20000,570000
1/1/2022,Kerosene,500000,220000,590000,20000,570000
1/1/2022,Kerosene,500000,300000,590000,20000,570000
1/1/2022,Kerosene,200000,180000,236000,20000,216000
1/1/2022,Kerosene,100000,300000,118000,20000,98000
1/1/2022,Kerosene,600000,310000,708000,20000,688000
1/1/2022,Kerosene,200000,110000,236000,20000,216000
1/1/2022,Kerosene,200000,190000,236000,20000,216000
1/1/2022,Kerosene,200000,190000,236000,20000,216000
1/1/2022,Kerosene,100000,240000,118000,20000,98000
1/1/2022,Kerosene,100000,180000,118000,20000,98000
1/1/2022,Kerosene,500000,300000,590000,20000,570000
1/1/2022,Kerosene,200000,220000,236000,20000,216000
1/1/2022,Kerosene,200000,240000,236000,20000,216000
1/1/2022,Kerosene,100000,340000,118000,20000,98000
1/1/2022,Kerosene,500000,180000,590000,20000,570000
1/1/2022,Kerosene,500000,110000,590000,20000,570000
1/1/2022,Kerosene,600000,300000,708000,20000,688000
1/1/2022,Kerosene,500000,310000,590000,20000,570000
1/1/2022,Kerosene,100000,110000,118000,20000,98000
1/1/2022,Kerosene,200000,180000,236000,20000,216000
1/1/2022,Kerosene,500000,300000,590000,20000,570000
1/1/2022,Kerosene,200000,310000,236000,20000,216000
1/1/2022,Kerosene,100000,155000,118000,20000,98000
1/1/2022,Kerosene,500000,110000,590000,20000,570000
1/1/2022,LPG,200000,180000,628000,20000,608000
1/1/2022,LPG,100000,300000,314000,20000,294000
1/1/2022,Lub,500000,220000,570000,20000,550000
1/1/2022,Premium Motor Spirit,200000,300000,628000,20000,608000
1/1/2022,Premium Motor Spirit,500000,155000,1570000,20000,1550000
1/1/2022,Premium Motor Spirit,500000,190000,1570000,20000,1550000
1/1/2022,Premium Motor Spirit,600000,190000,1884000,20000,1864000
1/1/2022,Premium Motor Spirit,500000,155000,1570000,20000,1550000
1/1/2022,Premium Motor Spirit,100000,220000,314000,20000,294000
1/1/2022,Premium Motor Spirit,500000,240000,1570000,20000,1550000
1/1/2022,Premium Motor Spirit,20000,310000,62800,20000,42800
1/1/2022,Premium Motor Spirit,500000,155000,1570000,20000,1550000
1/1/2022,Premium Motor Spirit,100000,190000,314000,20000,294000
1/1/2022,Premium Motor Spirit,200000,240000,628000,20000,608000
1/1/2022,Premium Motor Spirit,100000,110000,314000,20000,294000
1/1/2022,Urea Fertilizer,600000,160000,192000000,20000,191980000
1/1/2022,Urea Fertilizer,500000,180000,160000000,20000,159980000
1/1/2022,Urea Fertilizer,500000,180000,160000000,20000,159980000
